Price,Close,High,Low,Open,Volume
Ticker,INCO.JK,INCO.JK,INCO.JK,INCO.JK,INCO.JK
Date,,,,,
2021-05-31,4598.40283203125,4647.011741460756,4530.350358829942,4578.9592682594475,16270200
2021-06-02,4666.455078125,4676.17685953776,4569.2372639973955,4676.17685953776,18917600
2021-06-03,4724.7861328125,4802.560390142747,4627.568311149692,4666.455439814815,24010000
2021-06-04,4588.68115234375,4656.733627060712,4569.237588138903,4656.733627060712,12660800
2021-06-07,4481.7412109375,4598.402587361036,4472.0194295688725,4588.680805992408,10042100
2021-06-08,4472.01953125,4491.463094429348,4403.967060122282,4481.741312839674,15527200
2021-06-09,4666.455078125,4695.620422363281,4501.184794108072,4501.184794108072,18139500
2021-06-10,4598.40283203125,4676.177087118459,4578.9592682594475,4666.455305232558,11895000
2021-06-11,4705.34228515625,4744.229411479855,4637.289814089941,4666.455158832645,13304500
2021-06-14,4715.06396484375,4715.06396484375,4637.289713877255,4695.620402102127,10616100
2021-06-15,4656.7333984375,4685.898743312891,4578.959145436456,4666.4551800626305,17143000
2021-06-16,4501.18505859375,4617.846442401796,4481.741494625742,4569.237532481777,9596100
2021-06-17,4442.8544921875,4501.185185739196,4413.689145411652,4452.576274446116,12802500
2021-06-18,4190.087890625,4442.85421349333,4160.922545678654,4442.85421349333,32429600
2021-06-21,4190.087890625,4306.749270410383,4063.7047291908357,4112.313637434745,20346400
2021-06-22,4297.02734375,4365.079812994909,4209.531311863688,4277.583781108597,11213100
2021-06-23,4228.97509765625,4345.63647966056,4228.97509765625,4335.914697826868,7448500
2021-06-24,4228.97509765625,4316.471134159483,4209.531533988865,4287.305788658406,6600300
2021-06-25,4413.68896484375,4442.854310426418,4306.749364373967,4306.749364373967,17082500
2021-06-28,4384.5234375,4491.4630335365855,4345.636311668514,4403.967000415742,10811500
2021-06-29,4423.41064453125,4433.132426167582,4326.192828167926,4365.079954713256,8990600
2021-06-30,4481.7412109375,4510.906555043384,4403.966959988476,4462.297648200244,11562100
2021-07-01,4433.13232421875,4491.4630126953125,4355.358072916666,4481.741231282552,11579000
2021-07-02,4403.96728515625,4433.132631415563,4365.0801568105,4433.132631415563,5025400
2021-07-05,4608.12451171875,4608.12451171875,4384.523533302017,4433.132441653481,16241900
2021-07-06,4792.83837890625,4860.890850817698,4617.846308276813,4627.568089978448,27670700
2021-07-07,4812.2822265625,4812.2822265625,4647.011927872474,4744.2297506313125,16995600
2021-07-08,4841.447265625,4982.4130996642825,4812.281920651356,4841.447265625,27749300
2021-07-09,5055.32666015625,5079.631115253155,4841.447455303485,4860.89101938101,27917700
2021-07-12,5055.32666015625,5249.76230093149,5031.022205059345,5152.54448054387,23725300
2021-07-13,5031.02197265625,5152.544242527174,4982.413064707881,5103.935334578805,19764300
2021-07-14,5103.935546875,5201.153366815476,5006.717726934524,5103.935546875,25939300
2021-07-15,5079.630859375,5152.544220992823,5031.021951629785,5031.021951629785,14413600
2021-07-16,5201.1533203125,5298.371139383761,5128.2399560090535,5152.544410776869,34706800
2021-07-19,5201.1533203125,5249.762229848131,5128.2399560090535,5201.1533203125,12607000
2021-07-21,5103.935546875,5152.5444568452385,4982.413271949405,5103.935546875,15495100
2021-07-22,5152.54443359375,5201.153343344634,5079.631068967423,5128.239978718308,8711900
2021-07-23,5225.4580078125,5274.066919513081,5128.240184411337,5225.4580078125,21578700
2021-07-26,5274.06640625,5395.588673675115,5225.457499279954,5346.979766705069,17554700
2021-07-27,5152.54443359375,5395.588982348172,5079.631068967423,5371.28452747273,16708700
2021-07-28,5176.84912109375,5225.458033028903,5128.240209158597,5152.544665126174,15849200
2021-07-29,5249.76220703125,5298.371116355614,5152.544388382523,5225.457752369069,17439700
2021-07-30,5346.9794921875,5346.9794921875,5152.543874289773,5176.848326526989,18770100
2021-08-02,5249.76220703125,5298.371116355614,5201.153297706886,5249.76220703125,11827800
2021-08-03,5055.32666015625,5225.457845834585,5006.7177499624395,5201.153390737681,12465500
2021-08-04,4982.4130859375,5079.630902248476,4958.108631859756,5055.326448170732,8281900
2021-08-05,4802.56005859375,4982.413016253638,4763.672932613234,4982.413016253638,23783700
2021-08-06,4822.00390625,4909.499944871472,4812.282124180948,4812.282124180948,7016500
2021-08-09,4802.56005859375,4831.725403079137,4685.898680652202,4763.672932613234,15938200
2021-08-10,4812.2822265625,4860.891137941919,4724.786186079546,4792.838662010732,11169900
2021-08-12,4958.10888671875,5006.717797372856,4885.195520737592,4958.10888671875,16185100
2021-08-13,4958.10888671875,5006.717797372856,4885.195520737592,4982.413342045803,13650000
2021-08-16,4958.10888671875,5006.717797372856,4885.195520737592,4982.413342045803,5530100
2021-08-18,4933.80419921875,4982.4131075854375,4860.890836668719,4958.108653402093,9604900
2021-08-19,4831.7255859375,4909.499840841927,4792.8384584852865,4909.499840841927,15289600
2021-08-20,4753.951171875,4822.003642638037,4666.455138036809,4744.229390337423,23171600
2021-08-23,4860.89111328125,4909.500024414062,4792.838637695312,4802.560419921875,10289300
2021-08-24,4831.7255859375,4933.80429549956,4695.620639854754,4933.80429549956,10228600
2021-08-25,4860.89111328125,4909.500024414062,4822.003984375,4841.447548828125,6866100
2021-08-26,4812.2822265625,4885.195593631629,4802.560444286616,4885.195593631629,5971200
2021-08-27,4822.00390625,4851.169252457157,4783.116777973791,4812.282124180948,4330700
2021-08-30,4933.80419921875,4982.4131075854375,4851.169054995382,4860.890836668719,8553200
2021-08-31,4933.80419921875,5006.717561768781,4860.890836668719,4982.4131075854375,11189200
2021-09-01,4885.1953125,4933.8042210820895,4860.890858208955,4933.8042210820895,5940500
2021-09-02,4885.1953125,4909.499766791045,4822.003731343284,4860.890858208955,4249200
2021-09-03,4958.10888671875,4982.413342045803,4860.891065410539,4933.804431391697,4330800
2021-09-06,4933.80419921875,5055.326470135468,4909.499745035407,4958.108653402093,8143800
2021-09-07,4885.1953125,5006.717583955224,4860.890858208955,4933.8042210820895,7398600
2021-09-08,4831.7255859375,4933.80429549956,4792.8384584852865,4860.89093152666,8362900
2021-09-09,4958.10888671875,4982.413342045803,4783.11680836397,4831.725719018076,11633800
2021-09-10,5006.7177734375,5176.848959913532,4982.413318226639,5055.3266838592235,34106900
2021-09-13,4933.80419921875,4982.4131075854375,4860.890836668719,4982.4131075854375,7968900
2021-09-14,4885.1953125,4933.8042210820895,4860.890858208955,4860.890858208955,4113800
2021-09-15,4822.00390625,4909.499944871472,4812.282124180948,4860.891034526209,12099000
2021-09-16,4724.7861328125,4909.499993971836,4715.064350646219,4860.891083140432,19459600
2021-09-17,4715.06396484375,4783.116434439433,4685.898620731315,4724.785746214562,11581900
2021-09-20,4676.17724609375,4763.6732860414495,4627.568335011694,4715.064374959395,8721900
2021-09-21,4608.12451171875,4656.7334200702135,4578.959166707872,4627.568075059336,9478000
2021-09-22,4627.568359375,4666.455488445378,4598.4030125722165,4608.12479483981,5945600
2021-09-23,4617.84619140625,4685.8986615953945,4608.124409950658,4656.733317228619,8314000
2021-09-24,4578.95947265625,4685.899078174761,4569.237690336385,4627.568384255573,16387600
2021-09-27,4530.35009765625,4617.846129585233,4520.628316330807,4588.680785608905,8843900
2021-09-28,4569.2373046875,4598.402649185505,4520.628397190824,4520.628397190824,17185500
2021-09-29,4540.072265625,4569.237612085118,4501.18513701151,4569.237612085118,19229800
2021-09-30,4462.2978515625,4559.51566967933,4462.2978515625,4540.0721060559645,15257700
2021-10-01,4394.2451171875,4472.019367049225,4345.6362110239215,4423.410460885647,50389600
2021-10-04,4647.01171875,4656.733500588389,4403.967172790271,4403.967172790271,25629700
2021-10-05,4578.95947265625,4753.951554413813,4569.237690336385,4637.290166575438,29306300
2021-10-06,4588.68115234375,4637.2900628558655,4540.072241831634,4598.402934446173,18382400
2021-10-07,4627.568359375,4676.177270712972,4588.681230304622,4588.681230304622,24631100
2021-10-08,4695.62060546875,4773.394859803636,4656.733478301307,4715.064169052472,20822800
2021-10-11,4885.1953125,4909.499766791045,4744.229477611941,4783.116604477612,32235200
2021-10-12,4812.2822265625,4885.195593631629,4802.560444286616,4860.891137941919,13450500
2021-10-13,4802.56005859375,4822.003621584008,4734.507588127846,4812.281840088879,20320900
2021-10-14,4958.10888671875,4982.413342045803,4802.560372625613,4802.560372625613,24793300
2021-10-15,4958.10888671875,5031.022252699908,4885.195520737592,4982.413342045803,20273000
2021-10-18,4982.4130859375,5079.630902248476,4982.4130859375,5055.326448170732,22204800
2021-10-19,4909.5,4982.413366336634,4831.725742574257,4982.413366336634,22326200
2021-10-21,4860.89111328125,5103.9356689453125,4851.169331054687,5055.3267578125,37669200
2021-10-22,4783.11669921875,4822.003826854675,4715.064225855882,4783.11669921875,17534600
2021-10-25,4724.7861328125,4792.838607976466,4715.064350646219,4744.229697145062,9829300
2021-10-26,4724.7861328125,4783.116825810185,4724.7861328125,4753.951479311343,8251000
2021-10-27,4666.455078125,4734.507548014322,4637.289733886719,4724.7857666015625,19013100
2021-10-28,4656.7333984375,4676.176961687761,4588.680927061587,4627.568053562109,12108700
2021-10-29,4715.06396484375,4753.9510903269975,4676.1768393605025,4734.507527585374,14054300
2021-11-01,4666.455078125,4724.7857666015625,4656.733296712239,4685.8986409505205,8986800
2021-11-02,4627.568359375,4715.06439978335,4617.846577107405,4705.3426175157565,8099000
2021-11-03,4637.2900390625,4656.733603167584,4578.959346747249,4627.568257009958,11649100
2021-11-04,4656.7333984375,4676.176961687761,4617.846271936978,4627.568053562109,7558000
2021-11-05,4676.17724609375,4676.17724609375,4617.846552795283,4637.290117228105,5975600
2021-11-08,4715.06396484375,4744.229308956185,4685.898620731315,4685.898620731315,8483100
2021-11-09,4705.34228515625,4753.951193060757,4685.898721994447,4744.229411479855,5269100
2021-11-10,4705.34228515625,4715.064066737152,4685.898721994447,4705.34228515625,2515300
2021-11-11,4695.62060546875,4734.507732636193,4695.62060546875,4705.342387260611,3136800
2021-11-12,4753.951171875,4753.951171875,4715.064045724693,4715.064045724693,7891300
2021-11-15,4724.7861328125,4802.560390142747,4715.064350646219,4753.951479311343,4722300
2021-11-16,4685.89892578125,4715.0642717923365,4666.455361773859,4715.0642717923365,3670200
2021-11-17,4637.2900390625,4705.342513430293,4617.846474957416,4695.620731377751,7716900
2021-11-18,4588.68115234375,4656.733627060712,4588.68115234375,4637.2900628558655,5876000
2021-11-19,4705.34228515625,4715.064066737152,4617.846250928138,4617.846250928138,9174100
2021-11-22,4734.5078125,4744.229594455852,4647.011774897331,4705.342466632444,8413800
2021-11-23,4744.2294921875,4802.560182665215,4734.507710441214,4763.673055680071,13267700
2021-11-24,4734.5078125,4773.394940323408,4715.064248588295,4753.951376411704,8407800
2021-11-25,4792.83837890625,4885.195305071787,4783.116597204615,4802.560160607885,19101400
2021-11-26,4637.2900390625,4763.673205745545,4617.846474957416,4763.673205745545,14814300
2021-11-29,4617.84619140625,4647.0115357730265,4540.071939761513,4588.6808470394735,6653800
2021-11-30,4656.7333984375,4705.342306563152,4598.402708686717,4608.124490311848,10489600
2021-12-01,4559.515625,4666.455223880597,4549.793843283583,4656.733442164179,8788700
2021-12-02,4656.7333984375,4666.4551800626305,4540.0720189359345,4569.237363811326,8222900
2021-12-03,4627.568359375,4695.620835248162,4598.4030125722165,4656.7337061777835,5069300
2021-12-06,4617.84619140625,4666.4550986842105,4578.959065583882,4627.5679728618425,4908300
2021-12-07,4647.01171875,4676.177064265167,4617.846373234833,4637.28993691161,2740400
2021-12-08,4608.12451171875,4705.342328421677,4608.12451171875,4685.898765081092,4919500
2021-12-09,4666.455078125,4685.8986409505205,4617.846171061197,4647.011515299479,4294800
2021-12-10,4637.2900390625,4647.011821115042,4598.402910852332,4637.2900390625,3388200
2021-12-13,4578.95947265625,4647.011948895302,4578.95947265625,4637.290166575438,4544500
2021-12-14,4578.95947265625,4598.403037295979,4540.072343376791,4588.681254976114,8711100
2021-12-15,4520.62841796875,4588.680888776882,4520.62841796875,4569.237325688844,5374100
2021-12-16,4481.7412109375,4549.793680517896,4481.7412109375,4530.35011778064,4883400
2021-12-17,4530.35009765625,4569.2372229580205,4491.4629723544795,4510.906535005365,5683400
2021-12-20,4491.46337890625,4520.628725522524,4472.0198144954,4491.46337890625,6730200
2021-12-21,4491.46337890625,4530.35050772795,4442.854467879126,4452.576250084551,5491100
2021-12-22,4384.5234375,4510.906596452328,4384.5234375,4491.4630335365855,9524600
2021-12-23,4403.96728515625,4433.132631415563,4384.523720983375,4384.523720983375,4086600
2021-12-24,4559.515625,4569.237406716418,4423.41068097015,4423.41068097015,4807100
2021-12-27,4559.515625,4598.402751865672,4540.072061567164,4569.237406716418,2346500
2021-12-28,4578.95947265625,4598.403037295979,4569.237690336385,4578.95947265625,1929100
2021-12-29,4520.62841796875,4608.124451864919,4501.184854880712,4608.124451864919,2189700
2021-12-30,4549.7939453125,4569.2375091813565,4530.350381443643,4549.7939453125,2497800
2022-01-03,4627.568359375,4637.290141642595,4549.7941012342435,4569.237665769433,5255800
2022-01-04,4520.62841796875,4647.011578040994,4520.62841796875,4637.289796496976,4924500
2022-01-05,4481.7412109375,4578.95902462378,4433.13230409436,4569.237243255152,9546700
2022-01-06,4433.13232421875,4501.184794108072,4433.13232421875,4481.741231282552,4664100
2022-01-07,4384.5234375,4462.297689162971,4384.5234375,4433.132344789357,8146400
2022-01-10,4384.5234375,4442.854126247228,4384.5234375,4403.967000415742,4279100
2022-01-11,4131.75732421875,4403.967218520221,4122.035542279412,4384.523654641544,12877300
2022-01-12,4258.14013671875,4365.079729193421,4170.6441065122,4267.861917852811,20166200
2022-01-13,4627.568359375,4647.011923910189,4287.305980009191,4287.305980009191,37580300
2022-01-14,4637.2900390625,4637.2900390625,4540.0722185370805,4627.568257009958,11593100
2022-01-17,4530.35009765625,4627.567910910676,4520.628316330807,4627.567910910676,7081800
2022-01-18,4588.68115234375,4588.68115234375,4481.741549217095,4559.51580603648,13448700
2022-01-19,4753.951171875,4792.838298025306,4530.350196510736,4559.515541123466,30043700
2022-01-20,4860.89111328125,5031.022302246093,4792.838637695312,4812.282202148437,113874800
2022-01-21,4885.1953125,4958.108675373134,4841.44729477612,4860.890858208955,62019100
2022-01-24,4851.1689453125,4958.1085413013525,4831.725382405436,4958.1085413013525,13070000
2022-01-25,4715.06396484375,4763.67287169781,4647.011495248067,4763.67287169781,14683200
2022-01-26,4695.62060546875,4724.785950844333,4617.846351133864,4666.455260093167,19140000
2022-01-27,4608.12451171875,4676.176983410799,4578.959166707872,4666.455201740507,11079600
2022-01-28,4569.2373046875,4617.846212184175,4520.628397190824,4617.846212184175,14784600
2022-01-31,4578.95947265625,4588.681254976114,4530.350561056926,4569.237690336385,12771100
2022-02-02,4598.40283203125,4724.785996547965,4598.40283203125,4666.455305232558,12550200
2022-02-03,4569.2373046875,4598.402649185505,4491.463052692819,4598.402649185505,17570200
2022-02-04,4598.40283203125,4627.568177688953,4520.628576944041,4569.237486373547,14711900
2022-02-07,4578.95947265625,4617.846601935708,4540.072343376791,4608.124819615844,25722400
2022-02-08,4520.62841796875,4608.124451864919,4520.62841796875,4588.680888776882,9819700
2022-02-09,4530.35009765625,4588.680785608905,4491.4629723544795,4520.628316330807,8291300
2022-02-10,4666.455078125,4753.951110839844,4569.2372639973955,4569.2372639973955,14257300
2022-02-11,4647.01171875,4715.064191618723,4598.402809558054,4685.898846103556,9349900
2022-02-14,4569.2373046875,4608.12443068484,4491.463052692819,4598.402649185505,23357000
2022-02-15,4540.072265625,4588.681176391863,4520.628701318255,4569.237612085118,7902200
2022-02-16,4598.40283203125,4627.568177688953,4530.350358829942,4559.515704487645,14108700
2022-02-17,4617.84619140625,4627.5679728618425,4540.071939761513,4608.124409950658,10280800
2022-02-18,4763.67333984375,4812.282251474809,4627.568387276786,4647.011951929209,26650300
2022-02-21,4763.67333984375,4822.00403380102,4715.064428212691,4783.116904496173,13032100
2022-02-22,4822.00390625,4860.891034526209,4705.342521421371,4763.673213835686,22200300
2022-02-23,4802.56005859375,4851.168966069395,4783.116495603492,4841.447184574266,13284400
2022-02-24,4958.10888671875,5055.326708026961,4734.507897709866,4792.838590494792,51140200
2022-02-25,5249.76220703125,5298.371116355614,5031.022115071614,5031.022115071614,58909100
2022-03-01,5103.935546875,5419.893461681548,5055.326636904762,5322.675641741072,35131100
2022-03-02,5103.935546875,5249.762276785715,5103.935546875,5176.848911830357,37484400
2022-03-04,5249.76220703125,5322.675571017795,5128.2399337203415,5225.457752369069,40926200
2022-03-07,5930.28662109375,5954.591074458888,5346.97974033043,5346.97974033043,80288100
2022-03-08,6221.9404296875,6853.856254577637,6124.722610473633,6464.984977722168,186528000
2022-03-09,5881.677734375,6173.331175748967,5808.764374031508,6124.722268853306,83621600
2022-03-10,6051.80908203125,6149.0268986100655,5662.937815715989,5784.460086439508,46780400
2022-03-11,5954.59130859375,6173.331397480867,5930.286854272959,6051.809125876914,19293200
2022-03-14,5541.41552734375,5978.895700555098,5541.41552734375,5954.591246487801,37807200
2022-03-15,5444.197265625,5687.241786411831,5346.979457310268,5346.979457310268,32818500
2022-03-16,5444.197265625,5590.023978097099,5298.370553152902,5590.023978097099,21170000
2022-03-17,5419.89306640625,5541.415332469171,5371.284159981082,5444.197519618834,14352700
2022-03-18,5638.63330078125,5687.242208546605,5444.197669719828,5444.197669719828,26057800
2022-03-21,5590.0244140625,5711.546683933424,5541.415506114131,5687.242229959239,15095100
2022-03-22,5978.8955078125,6051.808867663872,5590.024255271849,5590.024255271849,36705400
2022-03-23,6221.9404296875,6246.244884490967,6003.200336456299,6027.504791259766,51683600
2022-03-24,6586.50732421875,6586.50732421875,6343.462773509571,6537.898414076914,50252100
2022-03-25,6659.42041015625,6756.63822636291,6464.984777742929,6586.507048001255,33906200
2022-03-28,6562.20263671875,6659.420453559028,6416.375911458334,6562.20263671875,18569600
2022-03-29,6537.89794921875,6586.506855904391,6416.375682504647,6440.680135847468,20636300
2022-03-30,6537.89794921875,6659.420215932853,6416.375682504647,6513.593495875929,26802600
2022-03-31,6513.59375,6586.507112873135,6440.680387126866,6586.507112873135,10709500
2022-04-01,6708.029296875,6902.464928668479,6464.984757133152,6513.593665081522,56152900
2022-04-04,6780.94287109375,6853.856235299058,6683.725052153338,6780.94287109375,18906000
2022-04-05,6756.63818359375,6853.855999185027,6732.333729695931,6853.855999185027,12042500
2022-04-06,6635.1162109375,6878.160760788691,6610.811755952381,6732.334030877976,20527800
2022-04-07,6975.37841796875,7072.596235640789,6537.898238444578,6635.116056116616,40635200
2022-04-08,7364.24951171875,7364.24951171875,6975.378250373866,7048.291611876031,34085200
2022-04-11,7096.90087890625,7461.467704877462,6975.378603582513,7364.249884618472,34202800
2022-04-12,7339.9453125,7339.9453125,6951.074037665563,7048.291856374172,20431800
2022-04-13,7218.4228515625,7364.24957583649,7145.509489425505,7339.9451217908245,17728100
2022-04-14,7753.12060546875,7826.0339653947885,7194.118179369122,7242.727085986481,48615100
2022-04-18,8069.07861328125,8141.991974244635,7704.511808464326,7753.12071577325,30048600
2022-04-19,8433.6455078125,8457.949961725504,8020.469791291426,8117.687606943444,37228300
2022-04-20,8239.2099609375,8555.167865044248,8166.296598451328,8457.950048396018,32969700
2022-04-21,7777.42529296875,8214.905465698243,7777.42529296875,8166.296557617187,35164400
2022-04-22,7728.81640625,7898.947585003931,7534.380773388364,7728.81640625,49921200
2022-04-25,7510.076171875,7680.2073472896445,7339.944996460356,7631.598440028317,59781600
2022-04-26,6999.68310546875,7388.554389105903,6999.68310546875,7388.554389105903,58395700
2022-04-27,6975.37841796875,7194.118507730836,6610.811601698607,6708.029419370645,72764700
2022-04-28,7096.90087890625,7291.33651942423,7023.987513712008,7023.987513712008,34581500
2022-05-09,6975.37841796875,7218.422962148846,6732.333873788654,6999.68287238676,42678700
2022-05-10,6610.8115234375,6780.9427023494945,6489.289252786076,6610.8115234375,56593900
2022-05-11,6586.50732421875,6926.7696952116,6562.202869147832,6635.116234360586,37149500
2022-05-12,6464.98486328125,6853.856133253054,6464.98486328125,6586.507135147439,42693200
2022-05-13,6708.029296875,6926.769382642663,6537.898119055707,6659.420388926631,51676200
2022-05-17,7072.59619140625,7096.900645672251,6780.942740214239,6805.24719448024,34443100
2022-05-18,6902.46484375,7194.118287852113,6805.2470290492965,7169.813834176937,34069900
2022-05-19,7412.8583984375,7558.685121029713,6659.420331711066,6756.638146772541,54694200
2022-05-20,7753.12060546875,7947.556231938185,7582.989432307993,7631.598338925352,76251600
2022-05-23,7510.076171875,8044.774151749595,7437.16281098301,7850.338522704288,31082200
2022-05-24,7631.5986328125,7753.120904035629,7582.989724323248,7631.5986328125,22772300
2022-05-25,7388.5537109375,7680.20714689556,7339.944804944491,7582.98933490954,35376800
2022-05-27,7582.9892578125,7655.902616060697,7437.1625413161055,7534.380352313702,36405400
2022-05-30,7801.7294921875,7874.64285192757,7534.380506473909,7728.8161324474295,41615300
2022-05-31,7996.16552734375,7996.16552734375,7510.076437535619,7826.034345910904,256138500
2022-06-02,7704.51171875,7996.165159207413,7680.207265378549,7947.556252464511,32948300
2022-06-03,7461.46728515625,7777.4251832247555,7437.162831458672,7728.8162758296,25172100
2022-06-06,7412.8583984375,7510.076213498975,7194.1183145491805,7461.467305968237,34928200
2022-06-07,7437.16259765625,7534.380409390318,7339.944785922181,7437.16259765625,23078700
2022-06-08,7485.771484375,7485.771484375,7291.335861404221,7485.771484375,12660900
2022-06-09,7437.16259765625,7485.771503523284,7242.726974188113,7485.771503523284,18689000
2022-06-10,7194.11865234375,7315.640926876584,7048.291922904349,7291.336471970017,21944100
2022-06-13,6999.68310546875,7048.2920159233945,6805.247463650174,6999.68310546875,21354500
2022-06-14,6999.68310546875,6999.68310546875,6829.551918877496,6853.856374104818,27888600
2022-06-15,6732.333984375,6975.378532547383,6537.898345837094,6975.378532547383,30579800
2022-06-16,6902.46484375,6975.3782047755285,6732.333668023768,6902.46484375,15181300
2022-06-17,6708.029296875,6780.942658797555,6586.507027004076,6708.029296875,14589200
2022-06-20,6464.98486328125,6805.247224506579,6464.98486328125,6708.029407013628,20034400
2022-06-21,6853.85595703125,6975.378225772938,6489.289150806183,6513.593604554521,25072000
2022-06-22,6562.20263671875,6878.1605414496535,6562.20263671875,6829.551633029514,19487300
2022-06-23,6221.9404296875,6537.898342132568,6124.722610473633,6537.898342132568,84939600
2022-06-24,6124.72216796875,6197.635527111235,5930.28654358879,6197.635527111235,44395700
2022-06-27,5735.85107421875,6003.200064966234,5711.546620514433,6003.200064966234,88718100
2022-06-28,5662.9375,5760.155311158798,5444.197424892704,5711.546405579399,36954300
2022-06-29,5614.32861328125,5760.155330509335,5541.4152546672085,5614.32861328125,52039800
2022-06-30,5492.806640625,5687.242273921461,5419.893278138828,5662.937819759403,22993800
2022-07-01,5201.1533203125,5444.197867990654,5128.2399560090535,5371.284503687208,30242300
2022-07-04,5298.37060546875,5322.675057787414,5006.717177644782,5201.152796194094,29050200
2022-07-05,5298.37060546875,5492.806224018062,5298.37060546875,5395.588414743406,25983200
2022-07-06,5079.630859375,5274.066490355862,5079.630859375,5274.066490355862,20712700
2022-07-07,4909.5,5103.935643564357,4909.5,5031.022277227723,20694600
2022-07-08,5152.54443359375,5201.153343344634,4958.108794590212,5006.717704341097,20129500
2022-07-11,5006.7177734375,5176.848959913532,4958.1088630157765,5152.54450470267,6913500
2022-07-12,5006.7177734375,5079.631139070085,4958.1088630157765,5031.022228648361,12139200
2022-07-13,4885.1953125,5006.717583955224,4860.890858208955,5006.717583955224,12327300
2022-07-14,4933.80419921875,4958.108653402093,4822.00370997537,4860.890836668719,7098800
2022-07-15,4637.2900390625,4831.725680113338,4608.124692904874,4753.951423693003,28229900
2022-07-18,4744.2294921875,4831.725527904073,4676.177019963498,4695.620583456071,18284300
2022-07-19,5006.7177734375,5006.7177734375,4763.673221328883,4783.116785497573,21992200
2022-07-20,5006.7177734375,5152.54450470267,4933.804407804915,5103.935594280946,21028600
2022-07-21,5055.32666015625,5128.240025446965,4982.413294865535,5055.32666015625,12762300
2022-07-22,5541.41552734375,5614.328889545642,5103.935354132401,5128.239808199698,57420000
2022-07-25,5419.89306640625,5711.5465049572595,5371.284159981082,5638.633145319507,18373400
2022-07-26,5541.41552734375,5590.0244354783445,5395.588802939967,5444.197711074561,13418200
2022-07-27,5492.806640625,5565.720003111172,5419.893278138828,5492.806640625,8062800
2022-07-28,6003.2001953125,6076.113558008604,5565.720019135881,5565.720019135881,44993100
2022-07-29,5930.28662109375,6124.722248014857,5857.373260998335,6076.11334128458,23951400
2022-08-01,6173.3310546875,6294.853319543553,6027.504336860236,6173.3310546875,34029700
2022-08-02,5881.677734375,6149.026722301137,5881.677734375,6149.026722301137,28713800
2022-08-03,5930.28662109375,5978.895527824026,5687.242087442367,5735.850994172643,15954500
2022-08-04,5930.28662109375,6051.808887919442,5857.373260998335,6027.504434554304,17280500
2022-08-05,5930.28662109375,6027.504434554304,5857.373260998335,5954.591074458888,17870000
2022-08-08,6149.02685546875,6149.02685546875,5881.677861752718,5930.286769701087,15268000
2022-08-09,6562.20263671875,6610.811545138889,6173.331369357639,6270.549186197917,37749600
2022-08-10,6392.0712890625,6610.8113711977185,6343.46238192134,6610.8113711977185,20632100
2022-08-11,6732.333984375,6756.638439192238,6489.289436202617,6537.898345837094,30749500
2022-08-12,6805.2470703125,6926.769339425223,6683.724801199776,6780.942616489955,19854300
2022-08-15,6464.98486328125,6780.942770133342,6464.98486328125,6780.942770133342,15385500
2022-08-16,6343.46240234375,6464.984670587884,6246.244587748443,6464.984670587884,39206800
2022-08-18,6197.6357421875,6319.158011642156,6124.722380514706,6294.853557751225,22986100
2022-08-19,6319.158203125,6343.462657752404,6124.722566105769,6221.940384615385,23010800
2022-08-22,6027.50439453125,6367.766739383821,6003.199941327495,6343.462286180066,18713700
2022-08-23,6076.11328125,6149.026640625,6027.504375,6051.808828125,14627700
2022-08-24,5978.8955078125,6149.026680799035,5978.8955078125,6076.113320947663,14416000
2022-08-25,5978.8955078125,6076.113320947663,5930.2866012449185,6003.19996109629,11915000
2022-08-26,5954.59130859375,6076.113580197704,5930.286854272959,6027.504671556122,8153800
2022-08-29,5857.37353515625,6027.504716675311,5735.851262642635,5833.069080653528,14198300
2022-08-30,5954.59130859375,6100.418034518495,5905.982399952169,5930.286854272959,12522800
2022-08-31,5930.28662109375,6027.504434554304,5784.459900902921,5954.591074458888,25712700
2022-09-01,5808.76416015625,5978.895328026935,5784.459707603295,5954.59087547398,11850100
2022-09-02,5614.32861328125,5808.764236252029,5590.024160409903,5735.850877637988,28064300
2022-09-05,5784.4599609375,5881.677775407037,5638.633239233193,5638.633239233193,18540500
2022-09-06,6003.2001953125,6051.809103776569,5881.677924152328,5905.982378384363,22862600
2022-09-07,5954.59130859375,6149.026943160076,5930.286854272959,6003.200217235331,24013800
2022-09-08,6027.50439453125,6100.417754142515,6003.199941327495,6003.199941327495,12271900
2022-09-09,6003.2001953125,6076.113558008604,5833.069015688259,6051.809103776569,20401800
2022-09-12,6270.54931640625,6270.54931640625,6076.113678688227,6124.722588117733,33401500
2022-09-13,6537.89794921875,6586.506855904391,6416.375682504647,6416.375682504647,38925500
2022-09-14,6562.20263671875,6562.20263671875,6343.462548828125,6440.680365668403,18870800
2022-09-15,6464.98486328125,6708.029407013628,6440.680408908012,6610.8115895206765,24045500
2022-09-16,6343.46240234375,6367.766855992577,6221.940134099617,6367.766855992577,21405100
2022-09-19,6343.46240234375,6489.28912423671,6270.54904139727,6440.680216939057,12190300
2022-09-20,6294.853515625,6464.9846917229725,6294.853515625,6440.680237994691,12804200
2022-09-21,6440.68017578125,6440.68017578125,6246.2445478331365,6294.853454820165,14094600
2022-09-22,6464.98486328125,6489.289317654488,6319.1581370418235,6319.1581370418235,10366800
2022-09-23,6440.68017578125,6513.593536261792,6392.071268794221,6440.68017578125,8758600
2022-09-26,6319.158203125,6319.158203125,6221.940384615385,6319.158203125,9581800
2022-09-27,6392.0712890625,6392.0712890625,6124.722299786122,6221.940114068441,12361600
2022-09-28,6076.11328125,6367.76671875,6051.808828125,6367.76671875,12308500
2022-09-29,6076.11328125,6197.635546875,6051.808828125,6197.635546875,7504200
2022-09-30,6221.9404296875,6246.244884490967,6051.809246063232,6076.113700866699,13794500
2022-10-03,6003.2001953125,6221.94028340081,6003.2001953125,6124.722466472673,12138500
2022-10-04,6367.76708984375,6392.071544385139,6076.11363534709,6124.7225444298665,17089200
2022-10-05,6537.89794921875,6586.506855904391,6440.680135847468,6440.680135847468,15289600
2022-10-06,6537.89794921875,6562.20240256157,6416.375682504647,6537.89794921875,9630000
2022-10-07,6610.8115234375,6610.8115234375,6537.898161046645,6610.8115234375,13516300
2022-10-10,6489.2890625,6562.202422752809,6343.462341994383,6513.593515917603,12255700
2022-10-11,6367.76708984375,6562.202726174857,6367.76708984375,6562.202726174857,8469100
2022-10-12,6392.0712890625,6513.593556915399,6294.8534747801805,6392.0712890625,11308900
2022-10-13,6343.46240234375,6489.28912423671,6343.46240234375,6489.28912423671,5854000
2022-10-14,6513.59375,6513.59375,6367.7670242537315,6440.680387126866,8086700
2022-10-17,6392.0712890625,6513.593556915399,6319.157928350761,6513.593556915399,5846200
2022-10-18,6464.98486328125,6464.98486328125,6367.767045788299,6464.98486328125,3856000
2022-10-19,6708.029296875,6732.333750849185,6440.680303158968,6513.593665081522,18198800
2022-10-20,6683.72509765625,6708.029552556818,6537.898368252841,6683.72509765625,10286400
2022-10-21,6392.0712890625,6708.029185480038,6392.0712890625,6683.724731909459,15878500
2022-10-24,6416.3759765625,6464.984885475852,6367.767067649148,6416.3759765625,8531500
2022-10-25,6489.2890625,6513.593515917603,6392.0712488295885,6464.984609082398,6999800
2022-10-26,6513.59375,6586.507112873135,6464.9848414179105,6513.59375,9178000
2022-10-27,6562.20263671875,6635.115999348958,6489.289274088542,6562.20263671875,9381300
2022-10-28,6319.158203125,6537.898294771635,6124.722566105769,6537.898294771635,35676300
2022-10-31,6319.158203125,6343.462657752404,6246.244839242789,6319.158203125,11128100
2022-11-01,6343.46240234375,6367.766855992577,6246.244587748443,6343.46240234375,10834500
2022-11-02,6440.68017578125,6562.202443248821,6367.766815300707,6537.897989755306,15760000
2022-11-03,6440.68017578125,6513.593536261792,6416.375722287736,6440.68017578125,4340900
2022-11-04,6562.20263671875,6562.20263671875,6319.158094618056,6343.462548828125,9856200
2022-11-07,6951.07421875,6951.07421875,6635.116299715909,6708.029665646853,37131700
2022-11-08,6829.5517578125,7048.291849699734,6805.247303158363,6951.074031083185,11404000
2022-11-09,6975.37841796875,7218.422962148846,6902.465054714721,6926.769509132731,24677300
2022-11-10,6902.46484375,7096.900473151409,6805.2470290492965,7023.98711212588,12011600
2022-11-11,7218.4228515625,7291.336213699495,7072.59612728851,7169.81394347117,42507800
2022-11-14,7096.90087890625,7339.945429553724,7048.291968776755,7339.945429553724,24844500
2022-11-15,7096.90087890625,7364.249884618472,7048.291968776755,7242.727609294735,30632100
2022-11-16,7072.59619140625,7194.118462736254,6951.0739200762455,7194.118462736254,10280500
2022-11-17,6902.46484375,6975.3782047755285,6708.029214348592,6902.46484375,9237600
2022-11-18,6708.029296875,6926.769382642663,6708.029296875,6853.856020720109,21045000
2022-11-21,6829.5517578125,6926.769576429048,6756.638393850089,6756.638393850089,4236500
2022-11-22,6805.2470703125,6878.160431780134,6732.333708844866,6829.551524135044,6550100
2022-11-23,6999.68310546875,7048.2920159233945,6951.074195014106,6975.378650241429,7987900
2022-11-24,6975.37841796875,7048.291781222779,6902.465054714721,6999.68287238676,4114900
2022-11-25,6926.76953125,6999.682894736842,6829.551713267544,6975.378440241228,5788300
2022-11-28,6975.37841796875,6999.68287238676,6829.551691460692,6902.465054714721,5204600
2022-11-29,7096.90087890625,7145.509789035745,6999.683058647261,7023.987513712008,16219300
2022-11-30,7169.81396484375,7218.422873079979,7072.596148371293,7194.118418961864,35907400
2022-12-01,7096.90087890625,7339.945429553724,7096.90087890625,7242.727609294735,23571500
2022-12-02,7194.11865234375,7315.640926876584,7169.814197437183,7194.11865234375,24735700
2022-12-05,7218.4228515625,7437.162937973485,7194.118397516835,7315.64066774516,20512000
2022-12-06,7096.90087890625,7194.11869916524,7023.987513712008,7145.509789035745,9000600
2022-12-07,6878.16064453125,7145.509644848719,6853.856189956935,7096.900735700088,13161800
2022-12-08,7169.81396484375,7315.640689552437,6926.769423662606,6999.68278601695,23783300
2022-12-09,7048.2919921875,7145.509812769396,6951.074171605604,7048.2919921875,8136400
2022-12-12,7145.509765625,7145.509765625,6926.769670758928,6951.074125744048,5822900
2022-12-13,7023.9873046875,7194.1184850778545,6951.073941663062,7194.1184850778545,10833000
2022-12-14,7121.205078125,7145.509532316553,7023.987261358789,7048.291715550342,4247600
2022-12-15,7072.59619140625,7145.509554204252,6999.682828608247,7121.205099938251,6029300
2022-12-16,7169.81396484375,7194.118418961864,6975.378331898835,6999.68278601695,7874600
2022-12-19,7121.205078125,7169.813986508106,7072.596169741894,7169.813986508106,3040400
2022-12-20,6999.68310546875,7096.900926378039,6926.769739786784,7048.2920159233945,8058600
2022-12-21,7023.9873046875,7121.205122053418,6999.682850346021,7048.29175902898,4451200
2022-12-22,7023.9873046875,7145.509576394897,7023.9873046875,7145.509576394897,3545100
2022-12-23,6853.85595703125,6999.682679521276,6829.551503282912,6975.378225772938,10326700
2022-12-26,6902.46484375,6951.073751100353,6829.551482724472,6853.855936399648,2406600
2022-12-27,6926.76953125,7023.987349232457,6902.465076754386,6951.073985745615,3062800
2022-12-28,6926.76953125,6975.378440241228,6853.856167763158,6951.073985745615,3149900
2022-12-29,6975.37841796875,6975.37841796875,6878.160600296712,6926.769509132731,3640300
2022-12-30,6902.46484375,6999.682658450704,6902.46484375,6999.682658450704,2344700
2023-01-02,6853.85595703125,6975.378225772938,6853.85595703125,6926.769318276263,1289400
2023-01-03,6902.46484375,6951.073751100353,6732.333668023768,6853.855936399648,4378800
2023-01-04,7096.90087890625,7218.423154229988,6999.683058647261,6999.683058647261,11306200
2023-01-05,6902.46484375,7145.509380501761,6780.94257537412,7048.291565801057,14374200
2023-01-06,7145.509765625,7145.509765625,6805.247395833333,6902.465215773809,7538000
2023-01-09,7218.4228515625,7291.336213699495,7072.59612728851,7194.118397516835,9662500
2023-01-10,7048.2919921875,7242.727633351293,6951.074171605604,7218.423178205819,7604100
2023-01-11,7121.205078125,7145.509532316553,6999.682807167235,7048.291715550342,4909500
2023-01-12,7121.205078125,7267.031803274318,7096.900623933448,7145.509532316553,6412400
2023-01-13,7218.4228515625,7291.336213699495,7145.509489425505,7194.118397516835,3998600
2023-01-16,7242.7275390625,7291.336448720637,7145.509719746225,7267.031993891569,4375600
2023-01-17,7388.5537109375,7534.38042891653,7242.726992958471,7267.031445954975,20645200
2023-01-18,7291.33642578125,7461.467609049479,7194.118606770833,7388.554244791666,9265600
2023-01-19,7291.33642578125,7412.85869954427,7194.118606770833,7339.9453352864575,9687900
2023-01-20,7339.9453125,7388.554221854305,7218.423039114238,7339.9453125,12228600
2023-01-24,7194.11865234375,7364.249836689717,7194.11865234375,7339.94538178315,4869800
2023-01-25,7096.90087890625,7267.032064359482,7048.291968776755,7242.727609294735,7824800
2023-01-26,7072.59619140625,7194.118462736254,6999.682828608247,7096.900645672251,7194800
2023-01-27,7218.4228515625,7267.03175965383,7023.98721919718,7121.20503537984,9713200
2023-01-30,7121.205078125,7218.422894891211,7048.291715550342,7218.422894891211,6081500
2023-01-31,7218.4228515625,7242.727305608165,7048.291673242845,7145.509489425505,9856100
2023-02-01,7364.24951171875,7437.1628732209165,7242.727242548473,7267.031696382529,14121000
2023-02-02,7218.4228515625,7315.64066774516,7194.118397516835,7315.64066774516,5320000
2023-02-03,7169.81396484375,7339.945143670551,7096.900602489407,7291.336235434323,4760800
2023-02-06,7048.2919921875,7169.8142679148705,6999.683081896552,7169.8142679148705,7277200
2023-02-07,7121.205078125,7121.205078125,6951.07389878413,6999.682807167235,6454900
2023-02-08,7072.59619140625,7145.509554204252,7072.59619140625,7145.509554204252,3598400
2023-02-09,6951.07421875,7096.900950611888,6951.07421875,7096.900950611888,11365600
2023-02-10,6999.68310546875,7072.596471150717,6853.856374104818,7048.2920159233945,11411900
2023-02-13,6926.76953125,6975.378440241228,6853.856167763158,6975.378440241228,7882800
2023-02-14,6926.76953125,6975.378440241228,6853.856167763158,6902.465076754386,4193400
2023-02-15,6756.63818359375,6951.073814776304,6708.0292757981115,6926.769360878485,12971300
2023-02-16,6635.1162109375,6805.247395833333,6513.593936011905,6780.942940848215,25747200
2023-02-17,6586.50732421875,6683.725144502421,6562.202869147832,6635.116234360586,13090600
2023-02-20,6489.2890625,6586.506876170412,6367.766795411985,6562.202422752809,16288000
2023-02-21,6586.50732421875,6659.420689431504,6537.898414076914,6562.202869147832,6977100
2023-02-22,6610.8115234375,6610.8115234375,6489.289252786076,6586.507069307216,6618500
2023-02-23,6416.3759765625,6610.811612215909,6416.3759765625,6610.811612215909,15350500
2023-02-24,6440.68017578125,6464.984629274764,6319.157908313679,6343.462361807193,15079900
2023-02-27,6464.98486328125,6489.289317654488,6343.462591415061,6392.071500161537,11511600
2023-02-28,6635.1162109375,6683.7251209077385,6440.680571056548,6537.898390997024,14276500
2023-03-01,6732.333984375,6732.333984375,6586.50725547157,6635.1161651060465,11854600
2023-03-02,6635.1162109375,6732.334030877976,6635.1162109375,6732.334030877976,8187100
2023-03-03,6635.1162109375,6659.420665922619,6586.507300967262,6635.1162109375,4793000
2023-03-06,6586.50732421875,6683.725144502421,6562.202869147832,6659.420689431504,4733900
2023-03-07,6367.76708984375,6562.202726174857,6343.462635302361,6562.202726174857,11638500
2023-03-08,6246.24462890625,6319.157990333171,6076.113452243434,6319.157990333171,19915400
2023-03-09,6173.3310546875,6294.853319543553,6149.026601716289,6246.244413601132,8265200
2023-03-10,6221.9404296875,6246.244884490967,6076.113700866699,6124.722610473633,13963600
2023-03-13,6003.2001953125,6221.94028340081,6003.2001953125,6221.94028340081,9579000
2023-03-14,5905.982421875,6149.026965985082,5833.069058641975,6027.504693930041,16801300
2023-03-15,5978.8955078125,6003.19996109629,5881.677694677337,5905.982147961128,10664900
2023-03-16,5978.8955078125,6003.19996109629,5760.155428258384,5930.2866012449185,23220200
2023-03-17,6173.3310546875,6197.635507658711,6003.199883889026,6076.113242802658,15298900
2023-03-20,6197.6357421875,6221.940196078431,6027.50456495098,6173.331288296568,7076300
2023-03-21,6173.3310546875,6197.635507658711,6051.808789831447,6197.635507658711,6171100
2023-03-24,6246.24462890625,6270.549082715224,6124.722359861382,6149.026813670355,6662700
2023-03-27,6246.24462890625,6367.766897951119,6246.24462890625,6319.157990333171,4131600
2023-03-28,6343.46240234375,6343.46240234375,6221.940134099617,6294.853495046097,5399100
2023-03-29,6416.3759765625,6416.3759765625,6319.158158735795,6392.0715221058235,7367800
2023-03-30,6440.68017578125,6440.68017578125,6343.462361807193,6392.071268794221,4607100
2023-03-31,6464.98486328125,6562.202680774201,6392.071500161537,6440.680408908012,9494300
2023-04-03,6586.50732421875,6610.811779289668,6489.289503935079,6537.898414076914,4375300
2023-04-04,6562.20263671875,6562.20263671875,6440.680365668403,6537.898182508681,4208100
2023-04-05,6464.98486328125,6610.8115895206765,6319.1581370418235,6537.898226400964,9108800
2023-04-06,6221.9404296875,6464.984977722168,6221.9404296875,6464.984977722168,12862300
2023-04-10,6221.9404296875,6294.8537940979,6149.0270652771,6270.549339294434,4478400
2023-04-11,6343.46240234375,6392.071309641404,6221.940134099617,6221.940134099617,8548300
2023-04-12,6270.54931640625,6392.071589980014,6221.940406976744,6367.7671352652615,9268300
2023-04-13,6197.6357421875,6294.853557751225,6197.6357421875,6270.549103860294,2515400
2023-04-14,6392.0712890625,6392.0712890625,6197.635660497861,6221.940114068441,5632700
2023-04-17,6270.54931640625,6464.984954124273,6221.940406976744,6440.68049940952,4919600
2023-04-18,6416.3759765625,6440.6804310191765,6221.940340909091,6270.549249822443,4725700
2023-04-26,6416.3759765625,6416.3759765625,6221.940340909091,6367.767067649148,9647500
2023-04-27,6416.3759765625,6635.1160666725855,6319.158158735795,6537.8982488458805,14888200
2023-04-28,6780.94287109375,6780.94287109375,6464.98495953741,6464.98495953741,21019400
2023-05-02,6780.94287109375,6829.551780563956,6683.725052153338,6805.247325828853,8623100
2023-05-03,6708.029296875,6805.247112771739,6635.115934952446,6805.247112771739,3543600
2023-05-04,6829.5517578125,6853.856212466637,6659.420575233541,6659.420575233541,7382100
2023-05-05,6805.2470703125,6853.855977957589,6659.420347377232,6829.551524135044,9857700
2023-05-08,6780.94287109375,6853.856235299058,6683.725052153338,6853.856235299058,5244000
2023-05-09,6878.16064453125,6902.465099105565,6708.029462511042,6708.029462511042,4566700
2023-05-10,6780.94287109375,6878.160690034162,6756.638416358646,6829.551780563956,3619500
2023-05-11,6708.029296875,6756.63820482337,6562.202573029892,6756.63820482337,8569400
2023-05-12,6513.59375,6683.724930037314,6513.59375,6683.724930037314,7124000
2023-05-15,6513.59375,6586.507112873135,6416.375932835821,6513.59375,5925600
2023-05-16,6378.9541015625,6551.358266469595,6305.066602316602,6502.099933638996,11824100
2023-05-17,6403.58349609375,6403.58349609375,6231.179325045072,6354.325161508414,9083600
2023-05-19,6305.06689453125,6403.583564758301,6255.808559417725,6403.583564758301,17193800
2023-05-22,6231.17919921875,6403.583366786067,6231.17919921875,6403.583366786067,3751300
2023-05-23,6354.3251953125,6428.212697583575,6231.179358194041,6231.179358194041,6239600
2023-05-24,6526.72900390625,6526.72900390625,6305.066509433962,6354.324841538915,5142600
2023-05-25,6452.841796875,6551.35846552958,6403.58346254771,6526.729298365935,7032500
2023-05-26,6477.470703125,6526.729035468155,6403.583204610266,6452.841536953421,5414800
2023-05-29,6354.3251953125,6502.100199854652,6255.808525617733,6502.100199854652,6184500
2023-05-30,6428.21240234375,6502.099901221264,6305.066570881226,6354.324903466236,3836100
2023-05-31,6206.5498046875,6477.4706294952875,6206.5498046875,6428.212297712053,19418700
2023-06-05,6502.10009765625,6551.3584317294035,6181.920926180753,6206.55009321733,7319000
2023-06-06,6502.10009765625,6600.616765802557,6403.583429509943,6502.10009765625,5413500
2023-06-07,6502.10009765625,6625.245932839133,6452.8417635830965,6551.3584317294035,7546500
2023-06-08,6378.9541015625,6575.987432884894,6354.3249351472,6575.987432884894,3847300
2023-06-09,6255.80810546875,6428.212265855685,6255.80810546875,6428.212265855685,5051600
2023-06-12,6305.06689453125,6305.06689453125,6206.550224304199,6255.808559417725,4187100
2023-06-13,6354.3251953125,6378.954362736192,6206.550190770349,6280.437693041425,7079500
2023-06-14,6428.21240234375,6526.729067513769,6403.583236051245,6477.470734928759,10577000
2023-06-15,6502.10009765625,6551.3584317294035,6428.21259654652,6477.470930619674,8584600
2023-06-16,6502.10009765625,6551.3584317294035,6428.21259654652,6551.3584317294035,7611900
2023-06-19,6403.58349609375,6477.4709979717545,6378.954328801082,6403.58349609375,2171100
2023-06-20,6378.9541015625,6403.5832679778,6305.066602316602,6403.5832679778,2067800
2023-06-21,6329.69580078125,6403.583300401264,6305.066634241245,6378.95413386126,2329400
2023-06-22,6255.80810546875,6378.953934316561,6255.80810546875,6329.695602777436,3090400
2023-06-23,6206.5498046875,6305.066468253968,6206.5498046875,6255.808136470734,4722500
2023-06-26,6206.5498046875,6255.808136470734,6181.920638795883,6206.5498046875,3512000
2023-06-27,6206.5498046875,6280.437302362351,6108.033141121032,6206.5498046875,4771400
2023-07-03,6181.9208984375,6280.437566141683,6157.291731511455,6206.550065363546,3519800
2023-07-04,6157.29150390625,6231.179001953125,6132.662337890625,6181.920669921875,3144800
2023-07-05,6231.17919921875,6329.695866400074,6132.662532037426,6157.291698832757,8631500
2023-07-06,6255.80810546875,6329.695602777436,6231.178939699188,6305.066437007874,4951000
2023-07-07,6231.17919921875,6255.808366014081,6206.550032423419,6231.17919921875,5128500
2023-07-10,6206.5498046875,6280.437302362351,6181.920638795883,6181.920638795883,2101700
2023-07-11,6354.3251953125,6378.954362736192,6206.550190770349,6255.808525617733,8507300
2023-07-12,6305.06689453125,6378.954397201538,6280.437726974487,6354.325229644775,3163100
2023-07-13,6378.9541015625,6428.212434393098,6305.066602316602,6378.9541015625,5330400
2023-07-14,6280.4375,6378.954166666666,6280.4375,6378.954166666666,4925900
2023-07-17,6305.06689453125,6354.325229644775,6280.437726974487,6305.06689453125,3902800
2023-07-18,6329.69580078125,6329.69580078125,6280.43746770124,6305.066634241245,3261400
2023-07-20,6452.841796875,6502.10013120229,6378.954295384065,6403.58346254771,5979700
2023-07-21,6502.10009765625,6526.729264692826,6378.954262473367,6452.8417635830965,5437300
2023-07-24,6477.470703125,6551.358201639734,6452.841536953421,6502.099869296578,3153500
2023-07-25,6551.3583984375,6699.133399906015,6526.729231526081,6551.3583984375,9945700
2023-07-26,6600.61669921875,6748.391699947528,6551.358365642491,6699.1333663712685,10759200
2023-07-27,6551.3583984375,6625.245899171758,6502.100064614661,6600.616732260339,2578900
2023-07-28,6723.7626953125,6723.7626953125,6502.100188873626,6551.35852363782,4984000
2023-07-31,6773.02099609375,6797.650163352273,6674.504327059659,6723.762661576705,5188900
2023-08-01,6797.64990234375,6896.166567595108,6773.0207360309105,6773.0207360309105,7801600
2023-08-02,6773.02099609375,6797.650163352273,6674.504327059659,6797.650163352273,4492200
2023-08-03,6674.50439453125,6773.0210645612315,6649.875227023755,6773.0210645612315,3010400
2023-08-04,6674.50439453125,6748.391897053736,6674.50439453125,6674.50439453125,1800200
2023-08-07,6575.9873046875,6674.503968428136,6551.358138752341,6674.503968428136,3178100
2023-08-08,6428.21240234375,6600.616566391283,6428.21240234375,6575.987400098778,5281200
2023-08-09,6354.3251953125,6477.47103243096,6329.696027888808,6428.212697583575,6879400
2023-08-10,6280.4375,6378.954166666666,6280.4375,6354.325,6741100
2023-08-11,6231.17919921875,6280.437532809412,6231.17919921875,6280.437532809412,6279000
2023-08-14,6305.06689453125,6354.325229644775,6157.291889190674,6231.179391860962,31931300
2023-08-15,6280.4375,6329.695833333333,6255.808333333333,6329.695833333333,11515300
2023-08-16,6058.77490234375,6280.43739877096,6009.516569804369,6255.80823250127,21981400
2023-08-18,5984.8876953125,6108.033532664609,5960.258527842078,6108.033532664609,7447400
2023-08-21,5935.62939453125,6034.146064979902,5935.62939453125,5984.8877297555755,7629800
2023-08-22,5960.25830078125,6009.516633845558,5861.741634652634,5960.25830078125,13718900
2023-08-23,5886.37060546875,6009.516434035042,5886.37060546875,6009.516434035042,18186000
2023-08-24,5886.37060546875,5935.628936895267,5886.37060546875,5935.628936895267,8398700
2023-08-25,5861.74169921875,5911.00003282563,5837.11253241531,5886.37086602219,12480400
2023-08-28,5886.37060546875,5960.258102608525,5861.741439755492,5910.999771182009,11478300
2023-08-29,5911.0,5935.629166666667,5886.370833333333,5935.629166666667,5883000
2023-08-30,5861.74169921875,5935.62919962907,5861.74169921875,5911.00003282563,6884400
2023-08-31,5812.4833984375,5911.000066207627,5713.966730667373,5861.741732322564,24951900
2023-09-01,5837.1123046875,5861.741470530063,5738.595641317247,5812.483138844937,5956600
2023-09-04,5886.37060546875,5984.887268321783,5886.37060546875,5910.999771182009,8990200
2023-09-05,5911.0,5935.629166666667,5886.370833333333,5911.0,11724300
2023-09-06,5911.0,5960.258333333333,5886.370833333333,5911.0,11042000
2023-09-07,5911.0,5911.0,5837.1125,5911.0,8285900
2023-09-08,5787.85400390625,5910.999833776596,5787.85400390625,5910.999833776596,6251700
2023-09-11,5787.85400390625,5837.112335854388,5713.966505984043,5787.85400390625,10264100
2023-09-12,5787.85400390625,5886.370667802526,5763.224837932181,5837.112335854388,5506700
2023-09-13,5713.966796875,5837.112633014547,5590.820960735452,5787.854298558728,15408500
2023-09-14,5763.22509765625,5837.112598908253,5713.966763488248,5738.595930572249,7231100
2023-09-15,5812.4833984375,5861.741732322564,5763.225064552436,5812.4833984375,24672100
2023-09-18,5812.4833984375,5837.112565380032,5763.225064552436,5812.4833984375,4718300
2023-09-19,5664.70849609375,5837.112667713995,5640.079328719429,5837.112667713995,6375400
2023-09-20,5640.0791015625,5763.224933474345,5640.0791015625,5664.708267944869,8533700
2023-09-21,5590.82080078125,5689.337466874312,5566.191634257985,5664.708300351046,7854300
2023-09-22,5615.4501953125,5664.708530359101,5566.191860265899,5590.821027789199,5025000
2023-09-25,5590.82080078125,5664.708300351046,5566.191634257985,5615.449967304516,5953100
2023-09-26,5492.30419921875,5640.079200094591,5443.04586559347,5590.820866469311,9257500
2023-09-27,5541.5625,5615.45,5467.675,5492.304166666667,7322400
2023-09-29,5566.19189453125,5640.079397556001,5516.933559181416,5640.079397556001,6940200
2023-10-02,5492.30419921875,5640.079200094591,5467.67503240611,5640.079200094591,6142200
2023-10-03,5492.30419921875,5516.9333660313905,5369.158365155549,5492.30419921875,11909900
2023-10-04,5344.529296875,5516.933467741936,5295.270962341589,5492.30430047523,9642100
2023-10-05,5270.6416015625,5393.787433374708,5270.6416015625,5319.899934287383,5080700
2023-10-06,5443.0458984375,5467.675065398756,5295.270896669966,5295.270896669966,3420900
2023-10-09,5590.82080078125,5640.079133827781,5467.6749681649235,5492.304134688188,6867400
2023-10-10,5541.5625,5640.079166666666,5516.933333333333,5640.079166666666,3849800
2023-10-11,5467.6748046875,5615.449799408783,5467.6748046875,5566.191467835022,6477900
2023-10-12,5393.78759765625,5541.562600331764,5393.78759765625,5516.933433219178,4193100
2023-10-13,5344.529296875,5492.30430047523,5344.529296875,5418.416798675115,4049700
2023-10-16,5443.0458984375,5492.304232360011,5344.529230592477,5369.158397553733,3352200
2023-10-17,5566.19189453125,5566.19189453125,5467.675223831582,5467.675223831582,3178600
2023-10-18,5664.70849609375,5664.70849609375,5516.933491847826,5516.933491847826,5712000
2023-10-19,5689.33740234375,5689.33740234375,5516.933238636364,5664.708236099837,10738500
2023-10-20,5664.70849609375,5738.595998216711,5615.450161345108,5713.966830842391,2765300
2023-10-23,5492.30419921875,5689.337533719871,5467.67503240611,5664.708366907231,3480200
2023-10-24,5590.82080078125,5590.82080078125,5492.304134688188,5492.304134688188,2153400
2023-10-25,5443.0458984375,5664.708401088801,5443.0458984375,5640.079234127545,4969100
2023-10-26,5319.89990234375,5443.045733416522,5319.89990234375,5443.045733416522,4198100
2023-10-27,5048.97900390625,5393.787326124238,5024.349838033537,5393.787326124238,14339300
2023-10-30,5147.49560546875,5172.124771045155,5024.349777586723,5098.2372743159385,10792200
2023-10-31,4876.5751953125,5196.754374802715,4847.020194128788,5172.125207149621,15638400
2023-11-01,4768.20654296875,4876.5748734907675,4738.651543735473,4827.316541435305,10892000
2023-11-02,4778.05810546875,4827.316436452964,4738.6514406813785,4787.909771665592,12325700
2023-11-03,4856.87158203125,4906.129914506212,4778.058250071311,4778.058250071311,5925600
2023-11-06,4847.02001953125,4925.8333531821645,4837.168352824886,4886.426686356707,5263200
2023-11-07,4866.72314453125,4876.574810815727,4787.90981425544,4847.019811962297,5825800
2023-11-08,4748.50341796875,4847.020086391338,4738.651751126491,4837.168419549079,4493900
2023-11-09,4630.283203125,4778.058198969415,4630.283203125,4748.503199800532,9032000
2023-11-10,4571.17333984375,4669.690006650728,4571.17333984375,4630.283339927936,8700200
2023-11-13,4571.17333984375,4649.9866732893315,4413.546672952586,4571.17333984375,21747700
2023-11-14,4709.0966796875,4758.355013157035,4541.618345891083,4590.876679360617,14221900
2023-11-15,4482.50830078125,4659.8382994934755,4482.50830078125,4630.283299708104,25844000
2023-11-16,4630.283203125,4630.283203125,4492.359873670212,4492.359873670212,8184300
2023-11-17,4521.9150390625,4640.135040083742,4521.9150390625,4630.283373331972,10242400
2023-11-20,4581.02490234375,4610.57990171371,4512.0632371471775,4541.618236517137,16802900
2023-11-21,4581.02490234375,4610.57990171371,4551.46990297379,4581.02490234375,3336300
2023-11-22,4482.50830078125,4590.87663332761,4462.804967591002,4590.87663332761,5177300
2023-11-23,4521.9150390625,4541.61837256604,4443.101705048339,4482.508372055419,10968600
2023-11-24,4521.9150390625,4561.321706069581,4512.06337231073,4531.766705814271,4044200
2023-11-27,4452.953125,4561.321453263274,4452.953125,4521.9147884402655,7707400
2023-11-28,4315.02978515625,4472.6564439747435,4295.326452803938,4452.953111622432,21607400
2023-11-29,4620.431640625,4679.5416402918445,4364.288308735341,4383.991641957622,31513600
2023-11-30,4433.25,4669.69,4433.25,4649.986666666667,252731900
2023-12-01,4334.7333984375,4472.656733842329,4305.178397993608,4462.805067027699,61869800
2023-12-04,4344.5849609375,4443.101626718396,4285.474961468963,4344.5849609375,41644300
2023-12-05,4255.919921875,4354.436586733218,4255.919921875,4344.5849202473955,32630600
2023-12-06,4383.99169921875,4423.39836617802,4236.216698121489,4255.920031601124,39330800
2023-12-07,4246.068359375,4393.843360281323,4206.661692466648,4393.843360281323,33415500
2023-12-08,4295.32666015625,4364.2883267183915,4246.068326897577,4246.068326897577,21184500
2023-12-11,4127.84814453125,4305.178136420421,4127.84814453125,4295.326470204355,23613000
2023-12-12,4157.4033203125,4186.958320219935,4117.9966537692535,4137.699987040876,9989200
2023-12-13,3960.3701171875,4167.255123309235,3950.518450229322,4157.403456351057,25006200
2023-12-14,4108.14501953125,4157.403353098771,3970.221685542191,3970.221685542191,24832800
2023-12-15,4157.4033203125,4177.106653584123,4088.441653861819,4137.699987040876,15771500
2023-12-18,4147.5517578125,4157.403424695665,4108.14509027984,4157.403424695665,5450700
2023-12-19,4108.14501953125,4167.255019812275,4058.886685963729,4088.441686104242,13792800
2023-12-20,4177.1064453125,4265.771440613945,4127.848114589475,4147.551446878685,20421100
2023-12-21,4186.95849609375,4226.36516429228,4157.403494944853,4177.106829044118,7148300
2023-12-22,4206.66162109375,4265.771620453381,4196.809954533812,4206.66162109375,6202800
2023-12-27,4275.62353515625,4324.881870814732,4186.958530970982,4186.958530970982,10712200
2023-12-28,4305.17822265625,4354.4365547232555,4285.474889829448,4305.17822265625,9885900
2023-12-29,4246.068359375,4305.178359737529,4246.068359375,4295.326693010441,4211000
2024-01-02,4354.4365234375,4383.991522465356,4246.068193668693,4255.919860011312,9046500
2024-01-03,4354.4365234375,4393.843188807975,4305.178191724406,4344.584857094881,6676200
2024-01-04,4324.8818359375,4383.991838250997,4275.623500676253,4354.436837094248,7742300
2024-01-05,4246.068359375,4334.733359918794,4226.365025920823,4324.881693191705,8403900
2024-01-08,4216.51318359375,4285.474847811404,4216.51318359375,4255.919848860981,5070300
2024-01-09,4088.441650390625,4226.364983174887,4078.5899837631773,4226.364983174887,18665100
2024-01-10,4098.29345703125,4167.255125779372,4088.441790067233,4088.441790067233,6540600
2024-01-11,4039.183349609375,4117.9966832602895,4039.183349609375,4098.293349847561,12329800
2024-01-12,4117.99658203125,4127.848248495439,4049.034916781923,4058.8865832461124,5067000
2024-01-15,4088.441650390625,4147.551650155308,4078.5899837631773,4117.996650272967,7718100
2024-01-16,4088.441650390625,4117.996650272967,4078.5899837631773,4088.4416503906245,7404100
2024-01-17,4039.183349609375,4117.9966832602895,4029.3316829030105,4088.441683141197,9666500
2024-01-18,4068.73828125,4088.4416143311137,4049.034948168886,4049.034948168886,5131000
2024-01-19,4019.47998046875,4127.8483132755055,4019.47998046875,4088.4416468003215,11790700
2024-01-22,3980.0732421875,4039.1832408338487,3970.2215757464414,4029.3315743927906,9137800
2024-01-23,3881.556640625,4029.3316396335663,3852.001640823287,3980.0733066307107,21167600
2024-01-24,3989.925048828125,4009.6283824025845,3861.8533805941356,3930.815048104745,13292300
2024-01-25,4049.034912109375,4108.1449108263005,3970.2215804868083,4019.4799127509127,14699300
2024-01-26,3920.96337890625,4058.8867138426504,3920.96337890625,4049.035047061479,6330900
2024-01-29,3802.743408203125,3940.666744251943,3773.1884076212355,3920.963410530683,13943200
2024-01-30,3832.29833984375,3881.556673260765,3753.4850063765266,3822.446673160347,7115400
2024-01-31,3812.594970703125,3940.666636385659,3812.594970703125,3842.1499704760176,5769900
2024-02-01,3871.705078125,3901.260078721374,3812.595076932252,3812.595076932252,7200800
2024-02-02,3832.29833984375,3881.556673260765,3783.040006426735,3861.853339893959,9044600
2024-02-05,3773.188232421875,3861.8532300505876,3773.188232421875,3832.298230841017,5666800
2024-02-06,3615.561767578125,3783.040105585831,3615.561767578125,3763.3367717025717,44062900
2024-02-07,3605.7099609375,3674.6716268570694,3566.303294697746,3635.2649606173154,21700300
2024-02-12,3999.776611328125,4098.293276631774,3674.671615826085,3684.52328235645,59857400
2024-02-13,3989.925048828125,4117.996717062114,3980.073382040895,4049.0350495515045,32913100
2024-02-15,3940.666748046875,4167.25508605957,3930.8150811767578,4058.886750488281,32104800
2024-02-16,3635.264892578125,3940.6665502201895,3595.858227075923,3891.408218342437,52632700
2024-02-19,3792.8916015625,3832.2982675527596,3556.4516056209413,3586.0066051136364,38627600
2024-02-20,3723.929931640625,3861.8532624421296,3704.2265986689818,3802.7432635271994,20154600
2024-02-21,3645.11669921875,3723.9300332559123,3625.4133657094594,3723.9300332559123,17206100
2024-02-22,3832.29833984375,3861.853339893959,3694.3750062761087,3694.3750062761087,25722300
2024-02-23,3891.408447265625,3970.2217829064475,3881.5567803105223,3911.111781175831,22813800
2024-02-26,3773.188232421875,3930.8148948729195,3763.336566018685,3930.8148948729195,13922500
2024-02-27,3920.96337890625,3960.3700460309356,3674.6717093769626,3723.9300432828204,27757700
2024-02-28,3999.776611328125,4058.886610510314,3871.7049464333822,3950.5182786763007,25654600
2024-02-29,3989.925048828125,4049.0350495515045,3950.518381679205,4049.0350495515045,15493900
2024-03-01,4039.183349609375,4098.293349847561,3980.073349371189,4019.4800161966464,19817000
2024-03-04,4029.331787109375,4078.590121915113,4009.6284531870797,4039.1834540705227,7401500
2024-03-05,4108.14501953125,4157.403353098771,4039.1833525367206,4058.886685963729,17186300
2024-03-06,3999.776611328125,4098.293276631774,3989.92494479776,4098.293276631774,15288100
2024-03-07,4009.62841796875,4049.0350854672142,3989.9250842195174,3999.776751094134,5977700
2024-03-08,3930.81494140625,4068.738272683662,3881.556608807174,4049.034939644032,21798300
2024-03-13,4236.216796875,4255.920130813954,3980.0734556686048,3980.0734556686048,37958600
2024-03-14,4186.95849609375,4285.475166590074,4147.55182789522,4236.2168313419115,17277400
2024-03-15,4147.5517578125,4246.068426644151,4127.84842404617,4186.95842534516,16546300
2024-03-18,4157.4033203125,4226.364986763181,4068.7383205901956,4147.551653676688,10765000
2024-03-19,4117.99658203125,4186.958247280577,4078.589916174492,4157.403247888008,12063300
2024-03-20,4049.034912109375,4137.699910184763,4029.3315792037333,4117.996577279121,11223700
2024-03-21,4196.81005859375,4236.216725810593,4068.738390139011,4068.738390139011,18515700
2024-03-22,4088.441650390625,4206.661649919993,4058.886650508283,4206.661649919993,13447200
2024-03-25,4039.183349609375,4117.9966832602895,3970.2216826648246,4117.9966832602895,13201900
2024-03-26,3999.776611328125,4049.0349439799493,3989.92494479776,4049.0349439799493,9228000
2024-03-27,4009.62841796875,4029.331751717982,3960.3700835956693,3989.9250842195174,8110900
2024-03-28,4009.62841796875,4019.480084843366,3970.2217504702853,4009.62841796875,5986400
2024-04-01,4009.62841796875,4049.0350854672142,3920.963416097205,4019.480084843366,10142100
2024-04-02,4068.73828125,4078.589947790557,3940.6666162227602,3999.7766154661017,11265000
2024-04-03,4009.62841796875,4098.2934198402945,3999.776751094134,4068.7384192164463,7431100
2024-04-04,4049.034912109375,4117.996577279121,4009.6282462980917,4039.1832456565544,9282700
2024-04-05,4039.183349609375,4078.5900164348323,4019.4800161966464,4058.8866830221036,7486400
2024-04-16,4334.7333984375,4383.9917325106535,4058.886727627841,4068.7383944424714,48418100
2024-04-17,4206.66162109375,4383.991619172643,4186.958287973873,4354.436619492828,29768300
2024-04-18,4246.068359375,4324.881693191705,4167.255025558295,4236.216692647912,20382500
2024-04-19,4334.7333984375,4344.58506525213,4117.996728515625,4275.623397549716,34149500
2024-04-22,4344.5849609375,4462.804959874575,4334.733294359411,4383.9916272498585,34893100
2024-04-23,4285.47509765625,4383.991766567888,4275.623430765086,4374.140099676724,21161800
2024-04-24,4147.5517578125,4285.475094176812,4147.5517578125,4285.475094176812,16263000
2024-04-25,4039.183349609375,4177.106683498476,3989.925016077553,4147.551683379383,19166500
2024-04-26,4029.331787109375,4068.738454953965,3950.518451420194,4058.886787992818,11182000
2024-04-29,4117.99658203125,4127.848248495439,4019.4799173893543,4029.3315838535436,6838500
2024-04-30,4186.95849609375,4206.661830193015,4098.293492647059,4137.7001608455885,10688100
2024-05-02,4058.88671875,4186.958387060073,4019.4800515776697,4186.958387060073,8048200
2024-05-03,4009.62841796875,4088.4417529656785,3980.0734173449014,4058.8867523418303,5461400
2024-05-06,4226.365234375,4255.920236013986,4058.886891754079,4058.886891754079,11612700
2024-05-07,4581.02490234375,4620.431568170363,4236.216576360887,4236.216576360887,43610400
2024-05-08,4512.0634765625,4600.728479377047,4452.953474686135,4590.876812397652,15405500
2024-05-13,4443.1015625,4512.063227549889,4364.288231014412,4512.063227549889,9126100
2024-05-14,4423.3984375,4482.508438891982,4364.288436108018,4443.101771297327,10800000
2024-05-15,4423.3984375,4472.656771993318,4354.436769209354,4423.3984375,12846400
2024-05-16,4413.546875,4541.618547712053,4403.695207868303,4492.360212053572,14236600
2024-05-17,4718.9482421875,4876.574905809629,4472.656580277922,4502.211579707072,59912300
2024-05-20,5073.6083984375,5122.866732402913,4817.465061817355,4817.465061817355,97901000
2024-05-21,4975.091796875,5073.608466120049,4925.833462252475,5073.608466120049,32081400
2024-05-22,4827.31689453125,4975.091901506697,4778.058558872768,4975.091901506697,19562900
2024-05-27,4738.65185546875,4827.316859001429,4649.986851936071,4797.76185782387,29203400
2024-05-28,5024.35009765625,5073.608431946997,4738.651758769914,4738.651758769914,26285300
2024-05-29,5122.86669921875,5221.383366511418,4975.091698279748,5024.350031926082,22843000
2024-05-30,4906.1298828125,5073.608212145457,4896.27821638115,5073.608212145457,12427600
2024-05-31,4896.2783203125,5024.349986638581,4837.168320469693,4906.129986952968,12813700
2024-06-03,4807.61328125,4915.9816134093235,4797.761614690062,4896.278280289446,15698900
2024-06-04,4620.431640625,4866.723305903518,4610.579974013859,4807.613306236673,26717100
2024-06-05,4364.28857421875,4600.728587268976,4354.436907008324,4590.87692005855,26996200
2024-06-06,4403.69482421875,4482.50815440611,4383.99149167191,4423.39815676559,16576400
2024-06-07,4383.99169921875,4531.766700316011,4374.140032478933,4452.953366397473,15452300
2024-06-10,4195.7548828125,4380.290348383588,4186.042236709606,4370.577702280694,15323931
2024-06-11,4176.330078125,4224.891865599649,4127.767809611963,4195.754889322538,20872165
2024-06-12,4040.356689453125,4205.467355952139,4011.2194705675556,4176.330377585782,20600931
2024-06-13,3991.794677734375,4147.192938707336,3991.794677734375,4069.4936879612487,10615773
2024-06-14,3933.52001953125,4069.493460207793,3914.095207931858,3991.794454329425,15777848
2024-06-19,4058.88671875,4098.29338592233,3911.111716853762,3950.518384026092,16072800
2024-06-20,4019.47998046875,4098.293313419117,3980.073313993566,4078.589980181526,9855800
2024-06-21,4157.4033203125,4216.513320127369,4029.331654046949,4039.1833206827605,16836300
2024-06-24,4019.47998046875,4177.106646369485,3999.7766472311578,4157.403313131893,13355600
2024-06-25,3950.518310546875,4039.1833100354584,3950.518310546875,4029.3316434256158,13694000
2024-06-26,3970.2216796875,3989.925013085453,3930.8150128915945,3950.518346289547,9943100
2024-06-27,3940.666748046875,3960.3700817871095,3920.9634143066405,3950.5184149169922,10839500
2024-06-28,4157.4033203125,4216.513320127369,3970.2216542320793,3970.2216542320793,27987700
2024-07-01,4137.7001953125,4196.810198102678,4049.0351911272323,4088.441859654018,13192900
2024-07-02,4039.183349609375,4177.106683498476,4019.4800161966464,4157.403350085747,17234500
2024-07-03,3970.2216796875,4029.3316798813585,3930.8150128915945,3999.7766797844292,22185500
2024-07-04,3980.0732421875,4078.5899065980816,3970.2215757464414,4009.6282415106743,18750600
2024-07-05,3980.0732421875,4019.4799079517325,3970.2215757464414,3980.0732421875,8782200
2024-07-08,4009.62841796875,4049.0350854672142,3950.518416721053,3999.776751094134,16393100
2024-07-09,3940.666748046875,4009.6284161376952,3940.666748046875,3999.776749267578,21215900
2024-07-10,3920.96337890625,3970.2217128121074,3920.96337890625,3940.666712468593,14934300
2024-07-11,3743.63330078125,3920.9632992393094,3723.9299676192436,3911.111632658306,46989600
2024-07-12,3694.375,3783.04,3694.375,3743.633333333333,19138700
2024-07-15,3635.264892578125,3723.929889958079,3625.4132262025746,3694.374890831428,21965700
2024-07-16,3743.63330078125,3783.0399671052633,3645.116634971217,3645.116634971217,25683400
2024-07-17,3802.743408203125,3832.2984087850145,3743.633407039346,3783.0400744818653,17822900
2024-07-18,3773.188232421875,3802.743231631446,3743.6332332123043,3802.743231631446,8966800
2024-07-19,3783.0400390625,3783.0400390625,3743.633371988932,3753.485038757324,6306400
2024-07-22,3723.929931640625,3783.0399305555557,3714.0782651548034,3783.0399305555557,9947800
2024-07-23,3684.5234375,3753.48510611631,3674.6717705548126,3723.9301052807486,12706700
2024-07-24,3684.5234375,3723.9301052807486,3664.8201036096257,3684.5234375,5481200
2024-07-25,3635.264892578125,3684.5232244558774,3615.561559827024,3684.5232244558774,11591200
2024-07-26,3684.5234375,3704.2267713903743,3645.1167697192514,3654.9684366644383,5127700
2024-07-29,3704.2265625,3753.484894448138,3684.5232297207444,3694.374896110372,9595400
2024-07-30,3625.413330078125,3674.67166336723,3625.413330078125,3674.67166336723,12652700
2024-07-31,3684.5234375,3714.0784383355613,3625.413435828877,3645.1167697192514,13855600
2024-08-01,3773.188232421875,3783.0398988250654,3704.226567599543,3743.6332332123043,19162700
2024-08-02,3714.078369140625,3763.3367029488563,3704.226702378979,3743.6333694255636,12437400
2024-08-05,3576.155029296875,3674.671696770618,3556.4516958021263,3645.116696528495,24576700
2024-08-06,3595.8583984375,3625.413398972603,3566.3033979023976,3595.8583984375,9603700
2024-08-07,3595.8583984375,3664.82006635274,3595.8583984375,3615.5617321275686,7640900
2024-08-08,3556.45166015625,3615.5616600480434,3556.45166015625,3595.858326750779,6808000
2024-08-09,3625.413330078125,3654.968330051588,3605.709996762483,3625.413330078125,8791000
2024-08-12,3792.8916015625,3792.8916015625,3664.8199370941556,3664.8199370941556,18413000
2024-08-13,3812.594970703125,3881.556636839874,3802.743304112161,3871.70497024891,17827500
2024-08-14,3753.485107421875,3852.0017769080137,3753.485107421875,3822.446776062172,13566800
2024-08-15,3773.188232421875,3802.743231631446,3704.226567599543,3753.4848996154947,27596100
2024-08-16,3802.743408203125,3852.0017425062742,3783.0400744818653,3802.743408203125,35922700
2024-08-19,3753.485107421875,3822.446776062172,3743.633440473261,3812.595109113558,12222600
2024-08-20,3802.743408203125,3852.0017425062742,3792.891741342495,3802.743408203125,23310200
2024-08-21,3773.188232421875,3842.1498972442073,3773.188232421875,3832.298230841017,19421100
2024-08-22,3704.2265625,3773.1882272273933,3694.374896110372,3773.1882272273933,18187600
2024-08-23,3743.63330078125,3753.4849673622534,3694.3749678762338,3704.226634457237,15014700
2024-08-26,3753.485107421875,3783.0401082677167,3733.781773524647,3743.633440473261,17044600
2024-08-27,3714.078369140625,3773.1883697105027,3694.3750356173327,3753.48503618721,14641300
2024-08-28,3704.2265625,3783.039893617021,3694.374896110372,3753.484894448138,17698600
2024-08-29,3664.820068359375,3714.078402611517,3654.9684015089465,3714.078402611517,16194500
2024-08-30,3783.0400390625,3783.0400390625,3674.6717046101885,3694.3750381469727,51089400
2024-09-02,3743.63330078125,3783.0399671052633,3733.781634200247,3743.63330078125,16516300
2024-09-03,3694.375,3773.188333333333,3694.375,3753.4849999999997,8552200
2024-09-04,3635.264892578125,3714.0782235825286,3635.264892578125,3664.819891704776,20268800
2024-09-05,3615.561767578125,3645.1167684030142,3595.8584336948657,3635.265101461385,10618900
2024-09-06,3625.413330078125,3674.67166336723,3625.413330078125,3625.413330078125,7554500
2024-09-09,3595.8583984375,3664.82006635274,3576.155064747432,3625.413398972603,13116900
2024-09-10,3576.155029296875,3635.265029781121,3576.155029296875,3615.5616962863724,8653300
2024-09-11,3576.155029296875,3615.5616962863724,3566.303362549501,3576.155029296875,8646900
2024-09-12,3635.264892578125,3664.819891704776,3605.7098934514734,3605.7098934514734,13748800
2024-09-13,3615.561767578125,3664.820102286274,3595.8584336948657,3654.968435344644,9422100
2024-09-17,3664.820068359375,3694.3750689106605,3625.4134009576615,3645.1167346585185,13270700
2024-09-18,3625.413330078125,3664.819996709409,3625.413330078125,3654.968330051588,9468100
2024-09-19,3635.264892578125,3664.819891704776,3615.561559827024,3625.4132262025746,7430700
2024-09-20,3645.11669921875,3704.2266997466218,3645.11669921875,3664.8200327280406,15009700
2024-09-23,3694.375,3723.93,3645.1166666666663,3664.8199999999997,13906100
2024-09-24,3733.78173828125,3743.6334051368735,3654.968403436263,3694.3750708587568,11487200
2024-09-25,3911.111572265625,3930.8149051233863,3743.6332429746535,3763.336575832415,75089500
2024-09-26,3960.3701171875,3970.2217841456777,3852.0017806475435,3920.9634493547883,38510300
2024-09-27,3970.2216796875,4019.480013182382,3930.8150128915945,3989.925013085453,28554600
2024-09-30,4019.47998046875,4049.034980325138,3901.2599810431984,3999.7766472311578,42119500
2024-10-01,4157.4033203125,4167.254986948312,4029.331654046949,4058.8866539543837,43469300
2024-10-02,4236.216796875,4236.216796875,4088.4417923328488,4147.551794149709,40480600
2024-10-03,4255.919921875,4344.5849202473955,4216.5132559317135,4285.474921332466,30917300
2024-10-04,4236.216796875,4255.920130813954,4157.403461119186,4226.365129905524,26533200
2024-10-07,4334.7333984375,4364.288398881392,4236.216730291193,4246.068397105824,27218300
2024-10-08,4068.73828125,4344.584944385593,4019.4799485472154,4324.8816113044795,43343600
2024-10-09,4088.441650390625,4098.293317018072,3970.2216508612573,4058.886650508283,24209600
2024-10-10,4078.590087890625,4117.996755406477,4049.0350872537365,4068.738421011662,20085300
2024-10-11,4098.29345703125,4137.70012488732,4078.5901231032153,4098.29345703125,9835000
2024-10-14,4147.5517578125,4177.106758461995,4068.7384227471794,4127.84842404617,15418600
2024-10-15,4108.14501953125,4157.403353098771,4058.886685963729,4157.403353098771,10851100
2024-10-16,4068.73828125,4117.996613952784,4058.886614709443,4108.144947412227,9160700
2024-10-17,4058.88671875,4098.29338592233,4039.183385163835,4068.7383855430826,10893400
2024-10-18,4058.88671875,4068.7383855430826,3989.9250511984224,4049.0350519569174,23073300
2024-10-21,4186.95849609375,4285.475166590074,4068.7384914981617,4068.7384914981617,26332400
2024-10-22,4196.81005859375,4216.513392202171,4088.441723747432,4196.81005859375,14262700
2024-10-23,4137.7001953125,4196.810198102678,4127.848528180803,4196.810198102678,7857500
2024-10-24,4058.88671875,4137.70005309466,4058.88671875,4137.70005309466,7038000
2024-10-25,4009.62841796875,4098.2934198402945,4009.62841796875,4058.8867523418303,5240800
2024-10-28,3960.3701171875,4058.8867867692784,3950.518450229322,4019.480118936567,7049500
2024-10-29,3930.81494140625,3980.073274005326,3901.2599418468044,3960.3699409656956,10013800
2024-10-30,3812.594970703125,3940.666636385659,3792.891637521197,3930.814969794695,21530900
2024-10-31,3763.336669921875,3832.298336648192,3694.375003195558,3743.6333365714986,24112700
2024-11-01,3743.63330078125,3783.0399671052633,3704.226634457237,3763.336633943257,5664500
2024-11-04,3714.078369140625,3802.7433699954413,3714.078369140625,3763.3367029488563,8070800
2024-11-05,3783.0400390625,3812.595039367676,3704.2267049153643,3773.188372294108,7777200
2024-11-06,3674.671630859375,3792.891629707398,3654.968297718038,3783.039963136729,9160200
2024-11-07,3674.671630859375,3714.0782971420495,3615.561631435364,3684.5232974300434,9856500
2024-11-08,3763.336669921875,3783.0400032722514,3704.226669870746,3704.226669870746,9222900
2024-11-11,3645.11669921875,3763.3367002744935,3625.4133657094594,3763.3367002744935,11315600
2024-11-12,3625.413330078125,3654.968330051588,3605.709996762483,3645.116663393767,5775900
2024-11-13,3684.5234375,3704.2267713903743,3625.413435828877,3625.413435828877,5109600
2024-11-14,3753.485107421875,3911.1117785996967,3654.968437935737,3684.523438781578,15247900
2024-11-15,3763.336669921875,3783.0400032722514,3694.375003195558,3763.336669921875,6390700
2024-11-18,3635.264892578125,3743.6332227091802,3635.264892578125,3743.6332227091802,5207100
2024-11-19,3654.96826171875,3733.7815935078333,3654.96826171875,3654.96826171875,5656900
2024-11-20,3664.820068359375,3684.523402060232,3625.4134009576615,3664.820068359375,4600500
2024-11-21,3625.413330078125,3664.819996709409,3615.5616634203043,3664.819996709409,3393000
2024-11-22,3605.7099609375,3635.2649606173154,3595.8582943775614,3625.413294057377,6593200
2024-11-25,3615.561767578125,3645.1167684030142,3595.8584336948657,3645.1167684030142,7351300
2024-11-26,3595.8583984375,3645.1167326626714,3595.8583984375,3635.265065817637,3768500
2024-11-28,3566.30322265625,3625.4132208218234,3556.4515562953216,3595.8582217390367,4626400
2024-11-29,3546.60009765625,3586.006765407986,3526.896763780382,3576.155098470052,4848200
2024-12-02,3497.341552734375,3586.0065498459508,3497.341552734375,3586.0065498459508,4101900
2024-12-03,3457.93505859375,3536.7483932625537,3457.93505859375,3497.341725928152,5880100
2024-12-04,3625.413330078125,3654.968330051588,3477.63833021081,3487.4899968686314,6535800
2024-12-05,3586.006591796875,3625.413257640797,3576.154925335895,3625.413257640797,4625700
2024-12-06,3586.006591796875,3635.264924101777,3576.154925335895,3586.006591796875,1704300
2024-12-09,3566.30322265625,3605.7098880999656,3546.5998899343926,3595.8582217390367,3221600
2024-12-10,3704.2265625,3714.0782288896276,3566.3032330452124,3566.3032330452124,10689100
2024-12-11,3694.375,3743.633333333333,3664.8199999999997,3704.2266666666665,4711500
2024-12-12,3842.14990234375,3891.4082344250805,3635.2649076021635,3694.3749060997598,13074400
2024-12-13,3891.408447265625,3930.8151150860363,3792.8917777145966,3861.8534464003164,14615300
2024-12-16,3792.8916015625,3891.4082665381493,3753.4849355722404,3891.4082665381493,4077800
2024-12-17,3704.2265625,3802.7432263962764,3694.374896110372,3792.891560006649,3616200
2024-12-18,3694.375,3783.04,3684.523333333333,3704.2266666666665,3203300
2024-12-19,3546.60009765625,3664.8201009114587,3546.60009765625,3654.9684339735245,8656100
2024-12-20,3487.489990234375,3605.709989903337,3487.489990234375,3546.599990068856,5153900
2024-12-23,3457.93505859375,3526.896726428953,3448.08339176015,3497.341725928152,4684200
2024-12-24,3467.78662109375,3507.1932872425427,3467.78662109375,3477.638287630948,1258900
2024-12-27,3526.896728515625,3586.0067295521994,3457.935060639621,3457.935060639621,2715200
2024-12-30,3566.30322265625,3625.4132208218234,3526.896557212535,3526.896557212535,2842500
2025-01-02,3517.044921875,3605.7099199054624,3507.1932554271707,3566.3032541141456,3175000
2025-01-03,3507.193359375,3546.60002633427,3497.341692635183,3517.0450261148176,1514600
2025-01-06,3428.380126953125,3526.8967972678697,3418.5284599216507,3517.0451302363954,8128600
2025-01-07,3418.5283203125,3448.083320199928,3418.5283203125,3428.3799869416425,5193700
2025-01-08,3369.27001953125,3428.3800198739036,3349.566686083699,3418.528353150128,7999800
2025-01-09,3359.41845703125,3388.973458119501,3349.5667900018325,3369.270124060667,3614100
2025-01-10,3379.12158203125,3408.6765812909985,3359.4182491914175,3359.4182491914175,2808200
2025-01-13,3379.12158203125,3448.0832469706634,3379.12158203125,3398.8249148710825,5468400
2025-01-14,3625.413330078125,3694.3749966828723,3388.9733302904215,3388.9733302904215,18120900
2025-01-15,3595.8583984375,3654.9683995077057,3526.8967305222604,3645.1167326626714,8441400
2025-01-16,3536.748291015625,3576.154957210785,3526.896624466835,3566.303290661995,3703700
2025-01-17,3517.044921875,3576.154920561975,3507.1932554271707,3546.5999212184875,3584000
2025-01-20,3526.896728515625,3595.8583963916285,3517.0450616761955,3517.0450616761955,4849200
2025-01-21,3526.896728515625,3586.0067295521994,3526.896728515625,3546.600062194483,3025900
2025-01-22,3487.489990234375,3566.3033233470164,3487.489990234375,3536.7483234297756,3338000
2025-01-23,3369.27001953125,3487.4900202165572,3369.27001953125,3487.4900202165572,6833300
2025-01-24,3162.385009765625,3408.676677192854,3152.533343068536,3379.1216771015866,19583400
2025-01-30,2994.90673828125,3182.088409423828,2965.3517375745273,3172.236742521587,16002000
2025-01-31,2955.5,3034.313333333333,2945.648333333333,2994.9066666666668,12502300
2025-02-03,2797.873291015625,2975.2032883335164,2768.3182914626427,2965.351621815856,18695500
2025-02-04,2778.169921875,2866.834919381649,2758.4665890957444,2807.7249210438827,8754300
2025-02-05,2797.873291015625,2837.2799570862676,2758.4666249449824,2807.7249575332858,7042800
2025-02-06,2797.873291015625,2827.428290568607,2738.763291909661,2827.428290568607,7340300
2025-02-07,2886.538330078125,2896.389996733682,2758.4666635558874,2807.7249968336714,10357200
2025-02-10,2788.021728515625,2896.3900642529816,2788.021728515625,2896.3900642529816,6072800
2025-02-11,2669.8017578125,2827.4284298604703,2669.8017578125,2788.0217618484776,5669900
2025-02-12,2669.8017578125,2738.763426833487,2659.950090809502,2669.8017578125,7446400
2025-02-13,2738.763427734375,2758.4667617468526,2679.6534256969426,2699.3567597094197,6294000
2025-02-14,2738.763427734375,2797.8734297718074,2738.763427734375,2758.4667617468526,4746400
2025-02-17,2925.945068359375,2955.5000690498737,2768.3183980100484,2768.3183980100484,7969100
2025-02-18,2945.6484375,2975.2034385451507,2896.3901024247493,2925.9451034698995,6871600
2025-02-19,2847.131591796875,2945.6482558728912,2847.131591796875,2945.6482558728912,3953500
2025-02-20,2876.686767578125,2886.538434590379,2807.725098492348,2847.1317665413635,2729100
2025-02-21,3004.75830078125,3044.164967021004,2916.0933017418033,2945.6483014216187,11746800
2025-02-24,2896.389892578125,2994.9065555909865,2886.538226276839,2994.9065555909865,5632100
2025-02-25,2709.208251953125,2896.389912997159,2709.208251953125,2896.389912997159,5995000
2025-02-26,2837.280029296875,2906.241696675618,2679.653361002604,2709.20836130778,6349100
2025-02-27,2916.09326171875,2985.0549266918288,2837.279930320946,2847.1315967456717,11446600
2025-02-28,2866.8349609375,2906.241627067225,2738.7632960158935,2906.241627067225,7489100
2025-03-03,2856.9833984375,2886.538399110991,2817.5767308728446,2866.835065328664,4180200
2025-03-04,2709.208251953125,2886.5382466264205,2669.8015864701706,2876.6865802556817,5889000
2025-03-05,2807.72509765625,2847.1317656935307,2719.060094572368,2728.9117615816886,5139200
2025-03-06,2797.873291015625,2876.68662315691,2778.1699579803035,2797.873291015625,4389000
2025-03-07,3054.0166015625,3122.9782667590725,2837.2799395161287,2847.131605972782,22740400
2025-03-10,2758.466552734375,3034.3132080078126,2738.763220214844,3034.3132080078126,30887900
2025-03-11,2561.433349609375,2738.763350736178,2522.0266826923075,2738.763350736178,31433900
2025-03-12,2512.175048828125,2571.285049977022,2482.6200482536765,2561.4333831188724,15506700
2025-03-13,2492.4716796875,2561.433346714427,2472.7683462512355,2551.5816799962945,11095400
2025-03-14,2423.510009765625,2522.026676829268,2423.510009765625,2522.026676829268,16465100
2025-03-17,2502.3232421875,2541.7299074187995,2423.5099117249015,2443.2132443405512,28916200
2025-03-18,2393.955078125,2512.175081983025,2354.548410172325,2502.323414994856,22559600
2025-03-19,2364.39990234375,2403.8065673828123,2305.289904785156,2393.954901123047,28604900
2025-03-20,2265.88330078125,2393.954965608016,2256.031634256114,2354.5482995074726,24321500
2025-03-21,2108.256591796875,2265.8832528658,2108.256591796875,2265.8832528658,34194400
2025-03-24,2068.85009765625,2108.256766183036,1990.0367606026787,2078.7017647879466,32224400
2025-03-25,2137.811767578125,2216.6251046316966,2009.7400948660716,2068.85009765625,35882200
2025-03-26,2275.735107421875,2305.290108816964,2137.811767578125,2157.515101841518,31655900
2025-03-27,2236.328369140625,2265.883369613849,2206.773368667401,2265.883369613849,10752000
2025-04-08,1901.3717041015625,1950.6300384047117,1901.3717041015625,1950.6300384047117,27392200
2025-04-09,1812.7066650390625,1891.5199983016305,1797.929165052331,1866.890831657078,40803800
2025-04-10,2009.739990234375,2118.1083230411305,1901.3716574276195,1970.3333237591912,64205600
2025-04-11,2157.514892578125,2206.7732234589043,1960.4815690550085,1990.036567583476,29223200
2025-04-14,2246.179931640625,2275.7349307411596,2167.3666007058664,2167.3666007058664,21657600
2025-04-15,2265.88330078125,2315.1416334069295,2196.9216351052987,2246.179967730978,16184900
2025-04-16,2305.2900390625,2354.5483732305024,2196.9217038928955,2265.883371728098,18846800
2025-04-17,2354.54833984375,2403.8066733132846,2305.2900063742154,2305.2900063742154,13504200
2025-04-21,2354.54833984375,2423.5100067010985,2344.6966731498433,2364.400006537657,9904000
2025-04-22,2522.026611328125,2531.8782777786255,2334.8449487686157,2364.399948120117,18202100
2025-04-23,2413.658447265625,2561.4334542410716,2384.103445870536,2561.4334542410716,19213600
2025-04-24,2403.806640625,2492.4716396644467,2384.1033075051228,2413.6583071849386,17237600
2025-04-25,2472.768310546875,2522.026643426295,2423.509977667455,2423.509977667455,14385700
2025-04-28,2472.768310546875,2502.3233102745266,2443.213310819223,2492.4716436986428,4893500
2025-04-29,2472.768310546875,2492.4716436986428,2462.916643970991,2482.619977122759,4837700
2025-04-30,2453.06494140625,2551.581605719754,2453.06494140625,2522.026606425703,27129800
2025-05-02,2443.21337890625,2492.471713158392,2423.510045205393,2453.0650457566785,10919000
2025-05-05,2462.916748046875,2502.323416015625,2453.0650810546877,2453.0650810546877,8458400
2025-05-06,2610.691650390625,2620.543316995873,2472.768317917158,2502.323317732901,34148800
2025-05-07,2807.72509765625,2925.945101768092,2600.8400904605264,2610.6917574698464,70354500
2025-05-08,2719.06005859375,2876.686728657156,2709.208391714787,2827.4283942623415,39319500
2025-05-09,2817.57666015625,2837.279993444056,2719.05999371722,2719.05999371722,26095600
2025-05-14,2856.9833984375,2935.7967335668104,2837.2800646551723,2866.835065328664,28666600
2025-05-15,2797.873291015625,2886.538289674571,2797.873291015625,2856.9832901215887,13347200
2025-05-16,2906.24169921875,3034.3133673199154,2837.280031779661,2856.9833653336864,64101300
2025-05-19,2955.5,2994.9066666666668,2925.9449999999997,2925.9449999999997,24720300
2025-05-20,2886.538330078125,2965.351663322579,2886.538330078125,2955.4999966670225,14460700
2025-05-21,3251.050048828125,3270.7533824573866,2906.241710316051,2906.241710316051,61047300
2025-05-22,3349.566650390625,3388.9733168658086,3260.9016508214613,3280.604984059053,58538300
2025-05-23,3487.489990234375,3517.0449901516154,3408.676657121734,3408.676657121734,25383700
2025-05-26,3546.60009765625,3694.3751017252607,3487.490096028646,3487.490096028646,43848000
2025-05-27,3520.0,3600.0,3510.0,3600.0,14369800
2025-05-28,3510.0,3650.0,3500.0,3530.0,24858300
2025-06-02,3530.0,3540.0,3450.0,3520.0,12540300
2025-06-03,3590.0,3640.0,3540.0,3550.0,17136600
2025-06-04,3870.0,3920.0,3610.0,3630.0,47796900
2025-06-05,3710.0,3900.0,3680.0,3880.0,23768200
2025-06-10,3500.0,3730.0,3400.0,3710.0,50171100
2025-06-11,3520.0,3540.0,3370.0,3500.0,39270300
2025-06-12,3460.0,3520.0,3440.0,3510.0,16121900
2025-06-13,3430.0,3530.0,3430.0,3470.0,8545600
2025-06-16,3630.0,3660.0,3400.0,3430.0,30644600
2025-06-17,3630.0,3660.0,3560.0,3640.0,17240400
2025-06-18,3460.0,3640.0,3440.0,3640.0,14199000
2025-06-19,3310.0,3510.0,3310.0,3460.0,15213400
2025-06-20,3250.0,3340.0,3230.0,3310.0,12718700
2025-06-23,3100.0,3210.0,3050.0,3210.0,27991200
2025-06-24,3170.0,3210.0,3120.0,3120.0,8125300
2025-06-25,3090.0,3210.0,3080.0,3210.0,6352000
2025-06-26,3230.0,3270.0,3100.0,3100.0,12277000
2025-06-30,3450.0,3500.0,3230.0,3270.0,15322400
2025-07-01,3500.0,3530.0,3390.0,3460.0,15143600
2025-07-02,3430.0,3510.0,3390.0,3500.0,9152200
2025-07-03,3450.0,3510.0,3430.0,3450.0,6395100
2025-07-04,3560.0,3580.0,3470.0,3500.0,14179600
2025-07-07,3420.0,3600.0,3400.0,3600.0,11432500
2025-07-08,3320.0,3420.0,3310.0,3410.0,7802900
2025-07-09,3310.0,3360.0,3300.0,3350.0,5835800
2025-07-10,3360.0,3420.0,3320.0,3320.0,9744800
2025-07-11,3410.0,3450.0,3390.0,3400.0,7850500
2025-07-14,3460.0,3470.0,3370.0,3430.0,7575100
2025-07-15,3470.0,3520.0,3400.0,3470.0,12145700
2025-07-16,3500.0,3540.0,3500.0,3520.0,7790500
2025-07-17,3420.0,3510.0,3420.0,3510.0,7597400
2025-07-18,3330.0,3460.0,3320.0,3440.0,14926100
2025-07-21,3650.0,3690.0,3350.0,3350.0,29292700
2025-07-22,3630.0,3820.0,3630.0,3700.0,41062200
2025-07-23,3690.0,3700.0,3570.0,3680.0,8159000
2025-07-24,3710.0,3750.0,3650.0,3700.0,10317800
2025-07-25,3650.0,3750.0,3610.0,3710.0,7136100
2025-07-28,3720.0,3760.0,3640.0,3670.0,12230900
2025-07-29,3760.0,3770.0,3700.0,3730.0,9309700
2025-07-30,3670.0,3790.0,3660.0,3760.0,7383900
2025-07-31,3450.0,3650.0,3450.0,3650.0,20708600
2025-08-01,3560.0,3570.0,3460.0,3460.0,6300500
2025-08-04,3770.0,3790.0,3570.0,3580.0,17970800
2025-08-05,3690.0,3800.0,3690.0,3780.0,12625200
2025-08-06,3890.0,3890.0,3700.0,3750.0,19456700
2025-08-07,4100.0,4140.0,3810.0,3900.0,48350900
2025-08-08,4010.0,4120.0,4010.0,4110.0,15578300
2025-08-11,3920.0,4080.0,3920.0,4030.0,12747300
2025-08-12,3920.0,3990.0,3870.0,3920.0,9275200
2025-08-13,3930.0,4070.0,3930.0,4000.0,11556400
2025-08-14,3930.0,4020.0,3910.0,4020.0,4446100
2025-08-15,3690.0,3980.0,3670.0,3900.0,16634600
2025-08-19,3720.0,3780.0,3670.0,3740.0,8810800
2025-08-20,3740.0,3780.0,3700.0,3700.0,8762800
2025-08-21,3700.0,3790.0,3650.0,3780.0,9165300
2025-08-22,3690.0,3750.0,3670.0,3700.0,4983300
2025-08-25,3690.0,3750.0,3670.0,3710.0,5112700
2025-08-26,3620.0,3730.0,3610.0,3700.0,9992700
2025-08-27,3840.0,3840.0,3610.0,3640.0,18107500
2025-08-28,3800.0,3900.0,3750.0,3870.0,11573500
2025-08-29,3740.0,3770.0,3630.0,3760.0,13047600
2025-09-01,3710.0,3740.0,3530.0,3600.0,14127900
2025-09-02,3690.0,3790.0,3680.0,3720.0,8077500
2025-09-03,3940.0,3970.0,3700.0,3700.0,22284900
2025-09-04,3910.0,3970.0,3840.0,3950.0,12034500
2025-09-08,3900.0,4050.0,3890.0,3910.0,19199800
2025-09-09,3950.0,4070.0,3840.0,3900.0,19579800
2025-09-10,3870.0,3990.0,3870.0,3960.0,6573400
2025-09-11,3740.0,3930.0,3700.0,3930.0,12475100
2025-09-12,4000.0,4020.0,3770.0,3770.0,18162400
2025-09-15,4290.0,4300.0,4010.0,4010.0,34073400
2025-09-16,4070.0,4300.0,4070.0,4290.0,19689800
2025-09-17,4020.0,4090.0,3980.0,4070.0,9085200
2025-09-18,3990.0,4080.0,3910.0,4070.0,10395700
2025-09-19,4040.0,4100.0,3930.0,3990.0,14927400
2025-09-22,4190.0,4230.0,4030.0,4050.0,17926400
2025-09-23,4270.0,4340.0,4180.0,4200.0,16140400
2025-09-24,4280.0,4360.0,4200.0,4300.0,8274800
2025-09-25,4220.0,4410.0,4200.0,4360.0,13340300
2025-09-26,4280.0,4300.0,4170.0,4250.0,9406500
2025-09-29,4480.0,4540.0,4280.0,4280.0,22632700
2025-09-30,4400.0,4750.0,4330.0,4520.0,29696100
2025-10-01,4260.0,4410.0,4160.0,4400.0,16418100
2025-10-02,4370.0,4380.0,4170.0,4270.0,10932400
2025-10-03,4390.0,4440.0,4310.0,4380.0,8140800
2025-10-06,4350.0,4490.0,4300.0,4410.0,8743800
2025-10-07,4250.0,4390.0,4250.0,4350.0,5341300
2025-10-08,4460.0,4570.0,4300.0,4300.0,25662300
2025-10-09,4440.0,4520.0,4380.0,4480.0,8090000
2025-10-10,4540.0,4550.0,4370.0,4440.0,11861000
2025-10-13,4540.0,4560.0,4420.0,4480.0,7230300
2025-10-14,4270.0,4680.0,4250.0,4560.0,19464400
2025-10-15,4460.0,4470.0,4210.0,4280.0,15164400
2025-10-16,4430.0,4480.0,4350.0,4470.0,5417600
2025-10-17,4220.0,4440.0,4160.0,4440.0,9791900
2025-10-20,4270.0,4340.0,4230.0,4250.0,4652900
2025-10-21,4320.0,4420.0,4270.0,4340.0,4880100
2025-10-22,4200.0,4320.0,4200.0,4320.0,5547500
2025-10-23,4220.0,4250.0,4120.0,4170.0,6574400
2025-10-24,4210.0,4300.0,4210.0,4240.0,5760500
2025-10-27,4280.0,4330.0,4200.0,4270.0,6327600
2025-10-28,4420.0,4530.0,4280.0,4320.0,12956200
2025-10-29,4540.0,4540.0,4430.0,4450.0,9784400
2025-10-30,4700.0,4780.0,4510.0,4570.0,23718900
2025-10-31,4750.0,4750.0,4560.0,4700.0,16646700
2025-11-03,4550.0,4800.0,4530.0,4800.0,10495300
2025-11-04,4600.0,4620.0,4520.0,4560.0,5774000
2025-11-05,4660.0,4690.0,4460.0,4530.0,9263100
2025-11-06,4550.0,4670.0,4540.0,4660.0,4706100
2025-11-07,4510.0,4580.0,4440.0,4550.0,4862100
2025-11-10,4500.0,4540.0,4460.0,4520.0,5606300
2025-11-11,4400.0,4550.0,4360.0,4520.0,7423100
2025-11-12,4300.0,4430.0,4300.0,4420.0,15114200
2025-11-13,4310.0,4380.0,4280.0,4300.0,13220000
2025-11-14,4240.0,4320.0,4220.0,4310.0,9368100
2025-11-17,4100.0,4270.0,4090.0,4240.0,15955800
2025-11-18,3890.0,4080.0,3860.0,4080.0,27446000
2025-11-19,3890.0,3950.0,3880.0,3890.0,10060500
2025-11-20,3810.0,3960.0,3780.0,3910.0,19746500
2025-11-21,3940.0,3940.0,3770.0,3810.0,18719900
2025-11-24,3860.0,3940.0,3860.0,3940.0,10623200
2025-11-25,3830.0,3920.0,3810.0,3890.0,11931100
2025-11-26,3830.0,3910.0,3800.0,3860.0,11590100
2025-11-27,3950.0,4020.0,3850.0,3850.0,17961600
2025-11-28,3820.0,4050.0,3820.0,4000.0,23908500
2025-12-01,3820.0,3880.0,3770.0,3800.0,16693700
2025-12-02,3960.0,3980.0,3840.0,3840.0,14335100
2025-12-03,3920.0,3960.0,3880.0,3960.0,4434700
2025-12-04,3880.0,3930.0,3860.0,3920.0,2886300
2025-12-05,3890.0,3910.0,3850.0,3870.0,5319800
2025-12-08,3990.0,4000.0,3880.0,3890.0,9111800
2025-12-09,3850.0,4040.0,3850.0,4010.0,11124600
2025-12-10,3900.0,3900.0,3850.0,3850.0,8172500
2025-12-11,3860.0,3920.0,3800.0,3900.0,9400100
2025-12-12,3840.0,3870.0,3800.0,3860.0,8607700
2025-12-15,3890.0,3940.0,3830.0,3850.0,12907000
2025-12-16,3840.0,3900.0,3830.0,3880.0,7996200
2025-12-17,3920.0,3960.0,3860.0,3860.0,8504400
2025-12-18,4360.0,4370.0,3940.0,3960.0,45629300
2025-12-19,4110.0,4400.0,4080.0,4360.0,38384500
2025-12-22,4440.0,4450.0,4110.0,4110.0,35042300
2025-12-23,4990.0,5175.0,4310.0,4440.0,104999700
2025-12-24,5050.0,5325.0,4990.0,5125.0,62454400
2025-12-29,5075.0,5250.0,4960.0,5075.0,23931300
2025-12-30,5175.0,5275.0,4960.0,5075.0,23703900
2026-01-02,5300.0,5475.0,5200.0,5300.0,26022500
2026-01-05,5600.0,5675.0,5125.0,5250.0,47695700
2026-01-06,5625.0,5850.0,5500.0,5650.0,44402700
2026-01-07,6325.0,6500.0,6000.0,6000.0,82907600
2026-01-08,6000.0,6175.0,5825.0,6125.0,53433900
2026-01-09,6300.0,6350.0,5800.0,5950.0,35534300
2026-01-12,6400.0,6600.0,6100.0,6475.0,45755200
2026-01-13,6575.0,6900.0,6350.0,6400.0,70320900
2026-01-14,6400.0,6950.0,6050.0,6750.0,80337800
2026-01-15,6350.0,6775.0,6175.0,6700.0,82102000
2026-01-19,6400.0,6400.0,6125.0,6350.0,44576800
2026-01-20,6225.0,6425.0,6125.0,6400.0,40803300
2026-01-21,6450.0,6450.0,6100.0,6100.0,38273300
2026-01-22,6525.0,6575.0,6350.0,6450.0,38082700
2026-01-23,6775.0,6800.0,6325.0,6575.0,38367300
2026-01-26,6825.0,7225.0,6725.0,6900.0,75502400
2026-01-27,6800.0,6900.0,6625.0,6850.0,26076100
2026-01-28,6375.0,6725.0,6100.0,6600.0,40088600
2026-01-29,6100.0,6500.0,5500.0,6175.0,74706800
2026-01-30,6450.0,6475.0,6100.0,6100.0,31034000
2026-02-02,5925.0,6300.0,5500.0,6300.0,50127800
2026-02-03,6200.0,6250.0,5725.0,6200.0,21684200
2026-02-04,6600.0,6775.0,6225.0,6250.0,33174100
2026-02-05,6300.0,6700.0,6300.0,6650.0,22258900
2026-02-06,6100.0,6125.0,5875.0,5950.0,20740200
2026-02-09,6275.0,6300.0,6100.0,6200.0,10233500
2026-02-10,6350.0,6575.0,6250.0,6275.0,17552100
2026-02-11,6850.0,6875.0,6450.0,6450.0,29182600
2026-02-12,7100.0,7325.0,6950.0,6950.0,45302700
2026-02-13,6975.0,7050.0,6800.0,7000.0,27254200
2026-02-18,6850.0,7025.0,6825.0,7000.0,18315100
2026-02-19,6850.0,7100.0,6850.0,6950.0,20900200
2026-02-20,6900.0,7000.0,6775.0,6900.0,9865100
2026-02-23,7100.0,7200.0,6950.0,7000.0,23934100
2026-02-24,7000.0,7175.0,6950.0,7100.0,14668700
2026-02-25,7350.0,7500.0,7150.0,7150.0,35312300
2026-02-26,7100.0,7375.0,7000.0,7350.0,23279500
2026-02-27,7900.0,7900.0,7025.0,7025.0,47589200
2026-03-02,7325.0,7775.0,7325.0,7775.0,29078800
2026-03-03,7200.0,7550.0,6475.0,7325.0,77438800
2026-03-04,6475.0,7000.0,6475.0,7000.0,39300600
2026-03-05,6325.0,6850.0,6275.0,6700.0,30118600
2026-03-06,6200.0,6575.0,6125.0,6300.0,21177700
2026-03-09,6075.0,6300.0,5525.0,5825.0,38132500
2026-03-10,6325.0,6550.0,6025.0,6300.0,24351600
2026-03-11,6425.0,6500.0,5900.0,6350.0,39670200
2026-03-12,6025.0,6300.0,6000.0,6300.0,18601400
2026-03-13,5650.0,6075.0,5600.0,6025.0,14767300
2026-03-16,5350.0,5550.0,5275.0,5550.0,14764300
2026-03-17,5575.0,5650.0,5350.0,5350.0,17793700
2026-03-25,5725.0,5800.0,5375.0,5575.0,17733800
2026-03-26,5600.0,5700.0,5425.0,5650.0,29117700
2026-03-27,5350.0,5650.0,5300.0,5600.0,10213400
2026-03-30,5100.0,5300.0,5050.0,5300.0,19311900
2026-03-31,5350.0,5550.0,5100.0,5100.0,31438200
2026-04-01,5750.0,5900.0,5550.0,5650.0,25239700
2026-04-02,5500.0,5750.0,5450.0,5725.0,11545400
2026-04-06,5675.0,5700.0,5450.0,5475.0,7105000
2026-04-07,5725.0,5850.0,5475.0,5725.0,15634900
2026-04-08,6200.0,6400.0,5900.0,5950.0,30766900
2026-04-09,6100.0,6175.0,5925.0,6175.0,19202100
2026-04-10,6150.0,6275.0,6125.0,6200.0,11397400
2026-04-13,6150.0,6225.0,5950.0,6000.0,16447500
2026-04-14,6425.0,6575.0,6200.0,6300.0,28370600
2026-04-15,6800.0,6850.0,6500.0,6675.0,26907800
2026-04-16,6775.0,6925.0,6600.0,6875.0,15621800
2026-04-17,6900.0,6900.0,6650.0,6800.0,16734900
2026-04-20,6800.0,6950.0,6700.0,6775.0,12552700
2026-04-21,6925.0,6925.0,6775.0,6875.0,7459500
2026-04-22,6875.0,6950.0,6825.0,6925.0,13758400
2026-04-23,6700.0,6950.0,6650.0,6900.0,13796900
2026-04-24,6700.0,6850.0,6650.0,6775.0,20275200
2026-04-27,6850.0,7200.0,6800.0,6900.0,22747600
2026-04-28,6800.0,6950.0,6775.0,6875.0,19233500
2026-04-29,6825.0,7000.0,6800.0,6900.0,6965200
2026-04-30,6850.0,7000.0,6725.0,6900.0,14325200
2026-05-04,6875.0,6975.0,6800.0,6975.0,6935000
2026-05-05,5975.0,6875.0,5925.0,6850.0,41292000
2026-05-06,6125.0,6175.0,5925.0,6000.0,18459900
2026-05-07,6300.0,6400.0,6100.0,6200.0,23450600
2026-05-08,5425.0,6325.0,5400.0,6300.0,35789300
2026-05-11,6025.0,6150.0,5375.0,5500.0,44066800
2026-05-12,6075.0,6125.0,5775.0,6025.0,17911000
2026-05-13,5875.0,6050.0,5850.0,6025.0,13913000
2026-05-14,5875.0,5875.0,5875.0,5875.0,0
2026-05-15,5875.0,5875.0,5875.0,5875.0,0
2026-05-18,5350.0,5700.0,5075.0,5700.0,39181800
2026-05-19,4950.0,5400.0,4620.0,5350.0,71095800
2026-05-20,4830.0,5125.0,4690.0,4950.0,49364400
2026-05-21,4670.0,5000.0,4460.0,4990.0,38577100
2026-05-22,5550.0,5550.0,4560.0,4660.0,68823000
2026-05-25,5475.0,5675.0,5450.0,5550.0,24726100
2026-05-26,4890.0,5450.0,4800.0,5450.0,29821500
2026-05-27,4890.0,4890.0,4890.0,4890.0,0
2026-05-28,4890.0,4890.0,4890.0,4890.0,0
2026-05-29,4730.0,4860.0,4520.0,4630.0,64346100
