tanggal,harga_emas_pluang
2021-05-31,896029
2021-06-01,894482
2021-06-02,896732
2021-06-03,893666
2021-06-04,894654
2021-06-05,893855
2021-06-06,
2021-06-07,892740
2021-06-08,892359
2021-06-09,894341
2021-06-10,891113
2021-06-11,879898
2021-06-12,880317
2021-06-13,
2021-06-14,884174
2021-06-15,881957
2021-06-16,881959
2021-06-17,849479
2021-06-18,857848
2021-06-19,855735
2021-06-20,
2021-06-21,864744
2021-06-22,859393
2021-06-23,868890
2021-06-24,862097
2021-06-25,865225
2021-06-26,865225
2021-06-27,
2021-06-28,861615
2021-06-29,865384
2021-06-30,866254
2021-07-01,866787
2021-07-02,869839
2021-07-03,871730
2021-07-04,
2021-07-05,870835
2021-07-06,877411
2021-07-07,871685
2021-07-08,871316
2021-07-09,874733
2021-07-10,874926
2021-07-11,
2021-07-12,870366
2021-07-13,871102
2021-07-14,877539
2021-07-15,873560
2021-07-16,870210
2021-07-17,870306
2021-07-18,
2021-07-19,870344
2021-07-20,875404
2021-07-21,865416
2021-07-22,858846
2021-07-23,862481
2021-07-24,868351
2021-07-25,
2021-07-26,868866
2021-07-27,870126
2021-07-28,867818
2021-07-29,870775
2021-07-30,867169
2021-07-31,866350
2021-08-01,
2021-05-31,896029
2021-06-01,894482
2021-06-02,896732
2021-06-03,893666
2021-06-04,894654
2021-06-05,893855
2021-06-06,
2021-06-07,892740
2021-06-08,892359
2021-06-09,894341
2021-06-10,891113
2021-06-11,879898
2021-06-12,880317
2021-06-13,
2021-06-14,884174
2021-06-15,881957
2021-06-16,881959
2021-06-17,849479
2021-06-18,857848
2021-06-19,855735
2021-06-20,
2021-06-21,864744
2021-06-22,859393
2021-06-23,868890
2021-06-24,862097
2021-06-25,865225
2021-06-26,865225
2021-06-27,
2021-06-28,861615
2021-06-29,865384
2021-06-30,866254
2021-07-01,866787
2021-07-02,869839
2021-07-03,871730
2021-07-04,
2021-07-05,870835
2021-07-06,877411
2021-07-07,871685
2021-07-08,871316
2021-07-09,874733
2021-07-10,874926
2021-07-11,
2021-07-12,870366
2021-07-13,871102
2021-07-14,877539
2021-07-15,873560
2021-07-16,870210
2021-07-17,870306
2021-07-18,
2021-07-19,870344
2021-07-20,875404
2021-07-21,865416
2021-07-22,858846
2021-07-23,862481
2021-07-24,868351
2021-07-25,
2021-07-26,868866
2021-07-27,870126
2021-07-28,867818
2021-07-29,870775
2021-07-30,867169
2021-07-31,866350
2021-08-01,
2021-08-02,871022
2021-08-03,863790
2021-08-04,861197
2021-08-05,860115
2021-08-06,841219
2021-08-07,840364
2021-08-08,
2021-08-09,827004
2021-08-10,826132
2021-08-11,835180
2021-08-12,836418
2021-08-13,848183
2021-08-14,851374
2021-08-15,
2021-08-16,854330
2021-08-17,851856
2021-08-18,856584
2021-08-19,859077
2021-08-20,861492
2021-08-21,861492
2021-08-22,
2021-08-23,867418
2021-08-24,868525
2021-08-25,860646
2021-08-26,863257
2021-08-27,868527
2021-08-28,868530
2021-08-29,
2021-08-30,872748
2021-08-31,866564
2021-09-01,864627
2021-09-02,864525
2021-09-03,872771
2021-09-04,871247
2021-09-05,
2021-09-06,866764
2021-09-07,855209
2021-09-08,847329
2021-09-09,848221
2021-09-10,849824
2021-09-11,846529
2021-09-12,
2021-09-13,851455
2021-09-14,855098
2021-09-15,854086
2021-09-16,837047
2021-09-17,835803
2021-09-18,834736
2021-09-19,
2021-09-20,836753
2021-09-21,843560
2021-09-22,846125
2021-09-23,842109
2021-09-24,834113
2021-09-25,832959
2021-09-26,
2021-09-27,836132
2021-09-28,828607
2021-09-29,830243
2021-09-30,832379
2021-10-01,840786
2021-10-02,841431
2021-10-03,
2021-10-04,842040
2021-10-05,839211
2021-10-06,839967
2021-10-07,835600
2021-10-08,835720
2021-10-09,835248
2021-10-10,
2021-10-11,834939
2021-10-12,836182
2021-10-13,848744
2021-10-14,848797
2021-10-15,835201
2021-10-16,832951
2021-10-17,
2021-10-18,836242
2021-10-19,834785
2021-10-20,838938
2021-10-21,843067
2021-10-22,842545
2021-10-23,846118
2021-10-24,
2021-10-25,855345
2021-10-26,846946
2021-10-27,849553
2021-10-28,851518
2021-10-29,851436
2021-10-30,851436
2021-10-31,
2021-11-01,852534
2021-11-02,852616
2021-11-03,843064
2021-11-04,860386
2021-11-05,860530
2021-11-06,868353
2021-11-07,
2021-11-08,868183
2021-11-09,870946
2021-11-10,884178
2021-11-11,886342
2021-11-12,882433
2021-11-13,885836
2021-11-14,
2021-11-15,885820
2021-11-16,885554
2021-11-17,886924
2021-11-18,887692
2021-11-19,884477
2021-11-20,880311
2021-11-21,
2021-11-22,876272
2021-11-23,852105
2021-11-24,849652
2021-11-25,854286
2021-11-26,856120
2021-11-27,856116
2021-11-28,
2021-11-29,854522
2021-11-30,854509
2021-12-01,856547
2021-12-02,850419
2021-12-03,851087
2021-12-04,856756
2021-12-05,
2021-12-06,858244
2021-12-07,856338
2021-12-08,854117
2021-12-09,852758
2021-12-10,855761
2021-12-11,854767
2021-12-12,
2021-12-13,856009
2021-12-14,848749
2021-12-15,847284
2021-12-16,856446
2021-12-17,866456
2021-12-18,866459
2021-12-19,
2021-12-20,863554
2021-12-21,857877
2021-12-22,856222
2021-12-23,859167
2021-12-24,860311
2021-12-25,860311
2021-12-26,
2021-12-27,859578
2021-12-28,862891
2021-12-29,857276
2021-12-30,860269
2021-12-31,859460
2022-01-01,859460
2022-01-02,
2022-01-03,860407
2022-01-04,866194
2022-01-05,869848
2022-01-06,860624
2022-01-07,858792
2022-01-08,858789
2022-01-09,
2022-01-10,857824
2022-01-11,862123
2022-01-12,869225
2022-01-13,868995
2022-01-14,869367
2022-01-15,869367
2022-01-16,
2022-01-17,869575
2022-01-18,867884
2022-01-19,871757
2022-01-20,881309
2022-01-21,880799
2022-01-22,875203
2022-01-23,
2022-01-24,880554
2022-01-25,882080
2022-01-26,886358
2022-01-27,878174
2022-01-28,859314
2022-01-29,859310
2022-01-30,
2022-01-31,857874
2022-02-01,
2022-02-02,
2022-02-03,
2022-02-04,
2022-02-05,
2022-02-06,
2022-02-07,
2022-02-08,
2022-02-09,
2022-02-10,
2022-02-11,
2022-02-12,
2022-02-13,
2022-02-14,
2022-02-15,
2022-02-16,
2022-02-17,
2022-02-18,
2022-02-19,
2022-02-20,
2022-02-21,
2022-02-22,
2022-02-23,
2022-02-24,
2022-02-25,
2022-02-26,
2022-02-27,
2022-02-28,
2022-03-01,912911
2022-03-02,919538
2022-03-03,919142
2022-03-04,921037
2022-03-05,935876
2022-03-06,
2022-03-07,942123
2022-03-08,978409
2022-03-09,948019
2022-03-10,941515
2022-03-11,937935
2022-03-12,940812
2022-03-13,
2022-03-14,937104
2022-03-15,920921
2022-03-16,916984
2022-03-17,926836
2022-03-18,923161
2022-03-19,921082
2022-03-20,
2022-03-21,918876
2022-03-22,922526
2022-03-23,918315
2022-03-24,934237
2022-03-25,935298
2022-03-26,933111
2022-03-27,
2022-03-28,940870
2022-03-29,930688
2022-03-30,931272
2022-03-31,933136
2022-04-01,935028
2022-04-02,934378
2022-04-03,
2022-04-04,934820
2022-04-05,936458
2022-04-06,930319
2022-04-07,929744
2022-04-08,933201
2022-04-09,933236
2022-04-10,
2022-04-11,938390
2022-04-12,942887
2022-04-13,945872
2022-04-14,947864
2022-04-15,948254
2022-04-16,948233
2022-04-17,
2022-04-18,952185
2022-04-19,946386
2022-04-20,940487
2022-04-21,940505
2022-04-22,938767
2022-04-23,938394
2022-04-24,
2022-04-25,928345
2022-04-26,924371
2022-04-27,923982
2022-04-28,920785
2022-04-29,928303
2022-04-30,923948
2022-05-01,
2022-05-02,920977
2022-05-03,921173
2022-05-04,922068
2022-05-05,927197
2022-05-06,924982
2022-05-07,923967
2022-05-08,
2022-05-09,918811
2022-05-10,917879
2022-05-11,916307
2022-05-12,915896
2022-05-13,911924
2022-05-14,911914
2022-05-15,
2022-05-16,909180
2022-05-17,915577
2022-05-18,913705
2022-05-19,914700
2022-05-20,922914
2022-05-21,922931
2022-05-22,
2022-05-23,925331
2022-05-24,927586
2022-05-25,930320
2022-05-26,927087
2022-05-27,927843
2022-05-28,927838
2022-05-29,
2022-05-30,927208
2022-05-31,926862
2022-06-01,924211
2022-06-02,926123
2022-06-03,923884
2022-06-04,923541
2022-06-05,
2022-06-06,919407
2022-06-07,915311
2022-06-08,919931
2022-06-09,919917
2022-06-10,924111
2022-06-11,925221
2022-06-12,
2022-06-13,929816
2022-06-14,921617
2022-06-15,924076
2022-06-16,931796
2022-06-17,936695
2022-06-18,935278
2022-06-19,
2022-06-20,935920
2022-06-21,936003
2022-06-22,934288
2022-06-23,936062
2022-06-24,935358
2022-06-25,935403
2022-06-26,
2022-06-27,934341
2022-06-28,928580
2022-06-29,928127
2022-06-30,928720
2022-07-01,924041
2022-07-02,924795
2022-07-03,
2022-07-04,928500
2022-07-05,925599
2022-07-06,912750
2022-07-07,914166
2022-07-08,907087
2022-07-09,906665
2022-07-10,
2022-07-11,907216
2022-07-12,906472
2022-07-13,902853
2022-07-14,904678
2022-07-15,899817
2022-07-16,899801
2022-07-17,
2022-07-18,899919
2022-07-19,899719
2022-07-20,900041
2022-07-21,896497
2022-07-22,907308
2022-07-23,907303
2022-07-24,
2022-07-25,910341
2022-07-26,907479
2022-07-27,907562
2022-07-28,912997
2022-07-29,914661
2022-07-30,914634
2022-07-31,
2022-08-01,919074
2022-08-02,923733
2022-08-03,918156
2022-08-04,923439
2022-08-05,932046
2022-08-06,931711
2022-08-07,
2022-08-08,926647
2022-08-09,932823
2022-08-10,930462
2022-08-11,928866
2022-08-12,925189
2022-08-13,925635
2022-08-14,
2022-08-15,922292
2022-08-16,916071
2022-08-17,915597
2022-08-18,911677
2022-08-19,909405
2022-08-20,909161
2022-08-21,
2022-08-22,905865
2022-08-23,906238
2022-08-24,908518
2022-08-25,910796
2022-08-26,909382
2022-08-27,909012
2022-08-28,
2022-08-29,905184
2022-08-30,906380
2022-08-31,899799
2022-09-01,891778
2022-09-02,894236
2022-09-03,894249
2022-09-04,
2022-09-05,897936
2022-09-06,898170
2022-09-07,892116
2022-09-08,896248
2022-09-09,901469
2022-09-10,901520
2022-09-11,
2022-09-12,902264
2022-09-13,903928
2022-09-14,897705
2022-09-15,892890
2022-09-16,887455
2022-09-17,
2022-09-18,
2022-09-19,894490
2022-09-20,895495
2022-09-21,890470
2022-09-22,890470
2022-09-23,892480
2022-09-24,
2022-09-25,
2022-09-26,882430
2022-09-27,880420
2022-09-28,882430
2022-09-29,890470
2022-09-30,892480
2022-10-01,
2022-10-02,
2022-10-03,
2022-10-04,900388
2022-10-05,907559
2022-10-06,904199
2022-10-07,904088
2022-10-08,904158
2022-10-09,
2022-10-10,901291
2022-10-11,891506
2022-10-12,891928
2022-10-13,897800
2022-10-14,893128
2022-10-15,893156
2022-10-16,
2022-10-17,888477
2022-10-18,892563
2022-10-19,892994
2022-10-20,887611
2022-10-21,890614
2022-10-22,890478
2022-10-23,
2022-10-24,897977
2022-10-25,894969
2022-10-26,894445
2022-10-27,898865
2022-10-28,896679
2022-10-29,896664
2022-10-30,
2022-10-31,891607
2022-11-01,889220
2022-11-02,895169
2022-11-03,892168
2022-11-04,892681
2022-11-05,892684
2022-11-06,
2022-11-07,901303
2022-11-08,901601
2022-11-09,911147
2022-11-10,911950
2022-11-11,925222
2022-11-12,925222
2022-11-13,
2022-11-14,923400
2022-11-15,926438
2022-11-16,935550
2022-11-17,935550
2022-11-18,934437
2022-11-19,934446
2022-11-20,
2022-11-21,931385
2022-11-22,922184
2022-11-23,924260
2022-11-24,927318
2022-11-25,926363
2022-11-26,926355
2022-11-27,
2022-11-28,926367
2022-11-29,924313
2022-11-30,927293
2022-12-01,934216
2022-12-02,944352
2022-12-03,944313
2022-12-04,
2022-12-05,944333
2022-12-06,931509
2022-12-07,931496
2022-12-08,941435
2022-12-09,945413
2022-12-10,945406
2022-12-11,
2022-12-12,945446
2022-12-13,943397
2022-12-14,952379
2022-12-15,952405
2022-12-16,946419
2022-12-17,946424
2022-12-18,
2022-12-19,951371
2022-12-20,950354
2022-12-21,960432
2022-12-22,959432
2022-12-23,949346
2022-12-24,949342
2022-12-25,
2022-12-26,951403
2022-12-27,954401
2022-12-28,961549
2022-12-29,959437
2022-12-30,964362
2022-12-31,964380
2023-01-01,
2023-01-02,969372
2023-01-03,970373
2023-01-04,971548
2023-01-05,976543
2023-01-06,969608
2023-01-07,969581
2023-01-08,
2023-01-09,980583
2023-01-10,982564
2023-01-11,982535
2023-01-12,982439
2023-01-13,987412
2023-01-14,987394
2023-01-15,
2023-01-16,988539
2023-01-17,979623
2023-01-18,972508
2023-01-19,977546
2023-01-20,986442
2023-01-21,986427
2023-01-22,
2023-01-23,986538
2023-01-24,986483
2023-01-25,986531
2023-01-26,982563
2023-01-27,977608
2023-01-28,977601
2023-01-29,
2023-01-30,976493
2023-01-31,975547
2023-02-01,
2023-02-02,
2023-02-03,
2023-02-04,
2023-02-05,
2023-02-06,
2023-02-07,
2023-02-08,
2023-02-09,
2023-02-10,
2023-02-11,
2023-02-12,
2023-02-13,
2023-02-14,
2023-02-15,
2023-02-16,
2023-02-17,
2023-02-18,
2023-02-19,
2023-02-20,
2023-02-21,
2023-02-22,
2023-02-23,
2023-02-24,
2023-02-25,
2023-02-26,
2023-02-27,
2023-02-28,
2023-03-01,971233
2023-03-02,974330
2023-03-03,975277
2023-03-04,975267
2023-03-05,
2023-03-06,981375
2023-03-07,980363
2023-03-08,968278
2023-03-09,971330
2023-03-10,980337
2023-03-11,980341
2023-03-12,
2023-03-13,1001174
2023-03-14,1002589
2023-03-15,1001603
2023-03-16,1010532
2023-03-17,1004522
2023-03-18,1004580
2023-03-19,
2023-03-20,1029443
2023-03-21,1029414
2023-03-22,1029383
2023-03-23,1029275
2023-03-24,1027433
2023-03-25,
2023-03-26,
2023-03-27,1032720
2023-03-28,1024508
2023-03-29,1028473
2023-03-30,1019593
2023-03-31,1025531
2023-04-01,1025539
2023-04-02,
2023-04-03,1011989
2023-04-04,1023154
2023-04-05,1029710
2023-04-06,1025735
2023-04-07,1025670
2023-04-08,1025666
2023-04-09,
2023-04-10,1023286
2023-04-11,1020172
2023-04-12,1018026
2023-04-13,1018992
2023-04-14,1029549
2023-04-15,1029575
2023-04-16,
2023-04-17,1013703
2023-04-18,1005219
2023-04-19,1012687
2023-04-20,1012662
2023-04-21,1012660
2023-04-22,1012653
2023-04-23,
2023-04-24,1012607
2023-04-25,1015512
2023-04-26,1012177
2023-04-27,1009521
2023-04-28,1012016
2023-04-29,1012344
2023-04-30,
2023-05-01,1012339
2023-05-02,1003081
2023-05-03,1014184
2023-05-04,1027280
2023-05-05,1027308
2023-05-06,1027619
2023-05-07,
2023-05-08,1012206
2023-05-09,1014781
2023-05-10,1023764
2023-05-11,1023809
2023-05-12,1015252
2023-05-13,1015573
2023-05-14,
2023-05-15,
2023-05-16,1012201
2023-05-17,1006114
2023-05-18,1008995
2023-05-19,998241
2023-05-20,998527
2023-05-21,
2023-05-22,1006130
2023-05-23,1006124
2023-05-24,1006149
2023-05-25,999204
2023-05-26,994228
2023-05-27,994541
2023-05-28,
2023-05-29,998208
2023-05-30,999211
2023-05-31,1005205
2023-06-01,1005480
2023-06-02,1005126
2023-06-03,1005449
2023-06-04,1005449
2023-06-05,1008130
2023-06-06,1015128
2023-06-07,1010986
2023-06-08,1003028
2023-06-09,1011979
2023-06-10,1012298
2023-06-11,1012298
2023-06-12,1011956
2023-06-13,1009941
2023-06-14,1003992
2023-06-15,1002999
2023-06-16,1011050
2023-06-17,1011342
2023-06-18,
2023-06-19,1010451
2023-06-20,1008369
2023-06-21,1005321
2023-06-22,1005309
2023-06-23,998970
2023-06-24,999240
2023-06-25,999240
2023-06-26,998409
2023-06-27,1003851
2023-06-28,1003832
2023-06-29,1003831
2023-06-30,1003873
2023-07-01,1004215
2023-07-02,1004215
2023-07-03,1004935
2023-07-04,1004924
2023-07-05,1007936
2023-07-06,1003917
2023-07-07,1000996
2023-07-08,1001329
2023-07-09,1001329
2023-07-10,1009027
2023-07-11,1011459
2023-07-12,1018414
2023-07-13,1026761
2023-07-14,1024769
2023-07-15,1024490
2023-07-16,1024490
2023-07-17,1017817
2023-07-18,1016925
2023-07-19,1016944
2023-07-20,1024889
2023-07-21,1021862
2023-07-22,1021553
2023-07-23,1021553
2023-07-24,1019466
2023-07-25,1018443
2023-07-26,1022486
2023-07-27,1023379
2023-07-28,1015517
2023-07-29,1015523
2023-07-30,1015523
2023-07-31,1018568
2023-08-01,1025445
2023-08-02,1018493
2023-08-03,1015446
2023-08-04,1017462
2023-08-05,1017450
2023-08-06,1017450
2023-08-07,1021429
2023-08-08,1017439
2023-08-09,1013413
2023-08-10,1012402
2023-08-11,1010483
2023-08-12,1010463
2023-08-13,1010463
2023-08-14,1008443
2023-08-15,1007428
2023-08-16,1010409
2023-08-17,1010388
2023-08-18,1007387
2023-08-19,1007356
2023-08-20,1007356
2023-08-21,1004378
2023-08-22,1005385
2023-08-23,1009472
2023-08-24,1016405
2023-08-25,1016432
2023-08-26,1016415
2023-08-27,1016415
2023-08-28,1012442
2023-08-29,1017424
2023-08-30,1024476
2023-08-31,1026472
2023-09-01,1023475
2023-09-02,1023497
2023-09-03,1023497
2023-09-04,1026048
2023-09-05,1025046
2023-09-06,1019055
2023-09-07,1014062
2023-09-08,1018116
2023-09-09,1018385
2023-09-10,1018385
2023-09-11,1020091
2023-09-12,1020014
2023-09-13,1017033
2023-09-14,1015010
2023-09-15,1017107
2023-09-16,1017417
2023-09-17,1017417
2023-09-18,1024088
2023-09-19,1030131
2023-09-20,1029130
2023-09-21,1023859
2023-09-22,1020913
2023-09-23,1020594
2023-09-24,1020594
2023-09-25,1020919
2023-09-26,1014925
2023-09-27,1008911
2023-09-28,1008844
2023-09-29,999398
2023-09-30,1002151
2023-10-01,1002151
2023-10-02,997809
2023-10-03,987829
2023-10-04,988789
2023-10-05,991790
2023-10-06,991828
2023-10-07,992171
2023-10-08,992171
2023-10-09,991958
2023-10-10,1011009
2023-10-11,1011044
2023-10-12,1020058
2023-10-13,1020232
2023-10-14,1020644
2023-10-15,1020644
2023-10-16,1032243
2023-10-17,1028704
2023-10-18,1029264
2023-10-19,1036242
2023-10-20,1047342
2023-10-21,1046995
2023-10-22,1046995
2023-10-23,1047305
2023-10-24,1047206
2023-10-25,1047323
2023-10-26,1047319
2023-10-27,1047335
2023-10-28,1047089
2023-10-29,1047089
2023-10-30,1052352
2023-10-31,1052389
2023-11-01,1052332
2023-11-02,1052264
2023-11-03,1047237
2023-11-04,1046900
2023-11-05,1046900
2023-11-06,1047105
2023-11-07,1042114
2023-11-08,1037115
2023-11-09,1030164
2023-11-10,1035090
2023-11-11,1034736
2023-11-12,1034736
2023-11-13,1027110
2023-11-14,1032145
2023-11-15,1037041
2023-11-16,1037174
2023-11-17,1038083
2023-11-18,1037776
2023-11-19,1037776
2023-11-20,1040028
2023-11-21,1038242
2023-11-22,1040288
2023-11-23,1038229
2023-11-24,1047193
2023-11-25,1046865
2023-11-26,1046865
2023-11-27,1052182
2023-11-28,1054218
2023-11-29,1062240
2023-11-30,1062281
2023-12-01,1058299
2023-12-02,1058069
2023-12-03,1058069
2023-12-04,1077191
2023-12-05,1065100
2023-12-06,1053259
2023-12-07,1059225
2023-12-08,1059167
2023-12-09,1058799
2023-12-10,1058799
2023-12-11,1050180
2023-12-12,1036220
2023-12-13,1042179
2023-12-14,1067208
2023-12-15,1068206
2023-12-16,1067809
2023-12-17,1067809
2023-12-18,1056219
2023-12-19,1060268
2023-12-20,1067207
2023-12-21,1063227
2023-12-22,1070302
2023-12-23,1069941
2023-12-24,1069941
2023-12-25,1069926
2023-12-26,1080149
2023-12-27,1080202
2023-12-28,1083254
2023-12-29,1073235
2023-12-30,1072898
2023-12-31,1072898
2024-01-01,1072905
2024-01-02,1072304
2024-01-03,1072229
2024-01-04,1066255
2024-01-05,1068283
2024-01-06,1067937
2024-01-07,1067937
2024-01-08,1070135
2024-01-09,
2024-01-10,1063220
2024-01-11,1062241
2024-01-12,1067307
2024-01-13,1066964
2024-01-14,1066964
2024-01-15,1073269
2024-01-16,1076220
2024-01-17,1064188
2024-01-18,1058230
2024-01-19,1068226
2024-01-20,1067890
2024-01-21,1067890
2024-01-22,1069218
2024-01-23,1067265
2024-01-24,1070247
2024-01-25,1066360
2024-01-26,1072246
2024-01-27,1071914
2024-01-28,1071914
2024-01-29,1080744
2024-01-30,1084278
2024-01-31,1086292
2024-02-01,
2024-02-02,
2024-02-03,
2024-02-04,
2024-02-05,
2024-02-06,
2024-02-07,
2024-02-08,
2024-02-09,
2024-02-10,
2024-02-11,
2024-02-12,
2024-02-13,
2024-02-14,
2024-02-15,
2024-02-16,
2024-02-17,
2024-02-18,
2024-02-19,
2024-02-20,
2024-02-21,
2024-02-22,
2024-02-23,
2024-02-24,
2024-02-25,
2024-02-26,
2024-02-27,
2024-02-28,
2024-02-29,
2024-03-01,1084298
2024-03-02,1084130
2024-03-03,1084130
2024-03-04,1106381
2024-03-05,1121454
2024-03-06,1128389
2024-03-07,1141326
2024-03-08,1145293
2024-03-09,1144998
2024-03-10,1144998
2024-03-11,1145347
2024-03-12,1152217
2024-03-13,1142348
2024-03-14,1145325
2024-03-15,1135418
2024-03-16,1135054
2024-03-17,1135054
2024-03-18,1135450
2024-03-19,1142394
2024-03-20,1142402
2024-03-21,1162327
2024-03-22,1152467
2024-03-23,1152065
2024-03-24,1152065
2024-03-25,1145521
2024-03-26,1155476
2024-03-27,1159574
2024-03-28,1167572
2024-03-29,1167669
2024-03-30,1170992
2024-03-31,1170992
2024-04-01,1201618
2024-04-02,1203757
2024-04-03,1221803
2024-04-04,1230773
2024-04-05,1227848
2024-04-06,1228358
2024-04-07,1228358
2024-04-08,1227973
2024-04-09,1228102
2024-04-10,1228076
2024-04-11,1228157
2024-04-12,1228584
2024-04-13,1228683
2024-04-14,1228683
2024-04-15,1269139
2024-04-16,1271403
2024-04-17,1271482
2024-04-18,1284375
2024-04-19,1293238
2024-04-20,1293706
2024-04-21,1293706
2024-04-22,1291670
2024-04-23,1273986
2024-04-24,1269076
2024-04-25,1268093
2024-04-26,1268213
2024-04-27,1268595
2024-04-28,1268595
2024-04-29,1274172
2024-04-30,1273050
2024-05-01,1273402
2024-05-02,1275895
2024-05-03,1266787
2024-05-04,1267213
2024-05-05,1267213
2024-05-06,1259031
2024-05-07,1265969
2024-05-08,1256960
2024-05-09,1257408
2024-05-10,1276205
2024-05-11,1276613
2024-05-12,1276613
2024-05-13,1281113
2024-05-14,1273184
2024-05-15,1280104
2024-05-16,1302092
2024-05-17,1291290
2024-05-18,1291723
2024-05-19,1291723
2024-05-20,1298379
2024-05-21,1306391
2024-05-22,1305342
2024-05-23,1305092
2024-05-24,1274069
2024-05-25,1274400
2024-05-26,1274400
2024-05-27,1276158
2024-05-28,1281140
2024-05-29,1286194
2024-05-30,1278230
2024-05-31,1286211
2024-06-01,1286501
2024-06-02,1286501
2024-06-03,1283155
2024-06-04,1297125
2024-06-05,1285247
2024-06-06,1297273
2024-06-07,1312966
2024-06-08,1313358
2024-06-09,1313358
2024-06-10,1278064
2024-06-11,1279112
2024-06-12,1287091
2024-06-13,1290030
2024-06-14,1282321
2024-06-15,1282725
2024-06-16,1282725
2024-06-17,1282258
2024-06-18,1290210
2024-06-19,1297191
2024-06-20,1303377
2024-06-21,1319273
2024-06-22,1319552
2024-06-23,1319552
2024-06-24,1308144
2024-06-25,1314137
2024-06-26,1309031
2024-06-27,1298156
2024-06-28,1308148
2024-06-29,1308529
2024-06-30,1308529
2024-07-01,1311141
2024-07-02,1316149
2024-07-03,1313303
2024-07-04,1326253
2024-07-05,1329321
2024-07-06,1329730
2024-07-07,1329730
2024-07-08,1344236
2024-07-09,1337212
2024-07-10,1328281
2024-07-11,1334290
2024-07-12,1347257
2024-07-13,1347735
2024-07-14,1347735
2024-07-15,1347393
2024-07-16,1351520
2024-07-17,1365647
2024-07-18,1374550
2024-07-19,1367271
2024-07-20,1367671
2024-07-21,1367671
2024-07-22,1352268
2024-07-23,1352327
2024-07-24,1355419
2024-07-25,1349038
2024-07-26,1335165
2024-07-27,1335534
2024-07-28,1335534
2024-07-29,1359447
2024-07-30,1358349
2024-07-31,1368455
2024-08-01,1384567
2024-08-02,1380552
2024-08-03,1380760
2024-08-04,1380760
2024-08-05,1371185
2024-08-06,1366190
2024-08-07,1357148
2024-08-08,1357162
2024-08-09,1368193
2024-08-10,1368624
2024-08-11,1368624
2024-08-12,1359362
2024-08-13,1377314
2024-08-14,1374038
2024-08-15,1369136
2024-08-16,1361359
2024-08-17,1361786
2024-08-18,1361786
2024-08-19,1373244
2024-08-20,1373308
2024-08-21,1369190
2024-08-22,1364271
2024-08-23,1357318
2024-08-24,1357643
2024-08-25,1357643
2024-08-26,1369246
2024-08-27,1369301
2024-08-28,1364208
2024-08-29,1366257
2024-08-30,1367288
2024-08-31,1367652
2024-09-01,1367652
2024-09-02,1360283
2024-09-03,1363139
2024-09-04,1365176
2024-09-05,1368174
2024-09-06,1371193
2024-09-07,1371560
2024-09-08,1371560
2024-09-09,1357207
2024-09-10,1358255
2024-09-11,1369180
2024-09-12,1367384
2024-09-13,1381459
2024-09-14,1381924
2024-09-15,1381924
2024-09-16,1381513
2024-09-17,1394407
2024-09-18,1391331
2024-09-19,1384317
2024-09-20,1391434
2024-09-21,1391905
2024-09-22,1391905
2024-09-23,1406524
2024-09-24,1394535
2024-09-25,1411600
2024-09-26,1411602
2024-09-27,1412590
2024-09-28,1412940
2024-09-29,1412940
2024-09-30,1414498
2024-10-01,1403756
2024-10-02,1414718
2024-10-03,1419813
2024-10-04,1422963
2024-10-05,1423376
2024-10-06,1423376
2024-10-07,1429635
2024-10-08,1432889
2024-10-09,1432749
2024-10-10,1424822
2024-10-11,1432584
2024-10-12,1433063
2024-10-13,1433063
2024-10-14,1440889
2024-10-15,1439810
2024-10-16,1442908
2024-10-17,1448014
2024-10-18,1455066
2024-10-19,1455509
2024-10-20,1455509
2024-10-21,1458769
2024-10-22,1455836
2024-10-23,1467842
2024-10-24,1461805
2024-10-25,1473757
2024-10-26,1473427
2024-10-27,1473427
2024-10-28,1478835
2024-10-29,1486951
2024-10-30,1511738
2024-10-31,1518503
2024-11-01,1503719
2024-11-02,1503271
2024-11-03,1503271
2024-11-04,1500726
2024-11-05,1500707
2024-11-06,1504320
2024-11-07,1477493
2024-11-08,1490394
2024-11-09,1489957
2024-11-10,1489957
2024-11-11,1483224
2024-11-12,1452378
2024-11-13,1462271
2024-11-14,1442337
2024-11-15,1446379
2024-11-16,1445881
2024-11-17,1445881
2024-11-18,1442515
2024-11-19,1453538
2024-11-20,1439786
2024-11-21,1471623
2024-11-22,1481736
2024-11-23,1481381
2024-11-24,1481381
2024-11-25,1495276
2024-11-26,1471434
2024-11-27,1471524
2024-11-28,1478430
2024-11-29,1474510
2024-11-30,1474054
2024-12-01,1474054
2024-12-02,1472537
2024-12-03,1477532
2024-12-04,1475570
2024-12-05,1484363
2024-12-06,1484337
2024-12-07,1483925
2024-12-08,1483925
2024-12-09,1464711
2024-12-10,1478687
2024-12-11,1494722
2024-12-12,1508511
2024-12-13,1491562
2024-12-14,1491087
2024-12-15,1491087
2024-12-16,1476660
2024-12-17,1479629
2024-12-18,1479629
2024-12-19,1463676
2024-12-20,1474646
2024-12-21,1474215
2024-12-22,1474215
2024-12-23,1486519
2024-12-24,1476586
2024-12-25,1476146
2024-12-26,1476685
2024-12-27,1488511
2024-12-28,1488075
2024-12-29,1488075
2024-12-30,1488491
2024-12-31,1488050
2025-01-01,1488127
2025-01-02,1484737
2025-01-03,1498615
2025-01-04,1498119
2025-01-05,1498119
2025-01-06,1495505
2025-01-07,1489687
2025-01-08,1494738
2025-01-09,1499725
2025-01-10,1506789
2025-01-11,1506358
2025-01-12,1506358
2025-01-13,1518659
2025-01-14,1509699
2025-01-15,1512811
2025-01-16,1525943
2025-01-17,1538789
2025-01-18,1538296
2025-01-19,1538296
2025-01-20,1529741
2025-01-21,1534935
2025-01-22,1549817
2025-01-23,1550752
2025-01-24,1551836
2025-01-25,1551375
2025-01-26,1551375
2025-01-27,1551712
2025-01-28,1551792
2025-01-29,1551384
2025-01-30,1551993
2025-01-31,1552181
2025-02-01,
2025-02-02,
2025-02-03,
2025-02-04,
2025-02-05,
2025-02-06,
2025-02-07,
2025-02-08,
2025-02-09,
2025-02-10,
2025-02-11,
2025-02-12,
2025-02-13,
2025-02-14,
2025-02-15,
2025-02-16,
2025-02-17,
2025-02-18,
2025-02-19,
2025-02-20,
2025-02-21,
2025-02-22,
2025-02-23,
2025-02-24,
2025-02-25,
2025-02-26,
2025-02-27,
2025-02-28,
2025-03-01,1647776
2025-03-02,1647776
2025-03-03,1648342
2025-03-04,1665407
2025-03-05,1670145
2025-03-06,1666926
2025-03-07,1654794
2025-03-08,1655014
2025-03-09,1655014
2025-03-10,1657218
2025-03-11,1643464
2025-03-12,1665479
2025-03-13,1676723
2025-03-14,1700448
2025-03-15,1700924
2025-03-16,1700924
2025-03-17,1696763
2025-03-18,1701553
2025-03-19,1716543
2025-03-20,1731943
2025-03-21,1736198
2025-03-22,1736627
2025-03-23,1736627
2025-03-24,1720885
2025-03-25,1714920
2025-03-26,1727939
2025-03-27,1735883
2025-03-28,1758027
2025-03-29,1758948
2025-03-30,1758948
2025-03-31,1758887
2025-04-01,1759857
2025-04-02,1758762
2025-04-03,1857646
2025-04-04,1873170
2025-04-05,1872629
2025-04-06,1872629
2025-04-07,1870233
2025-04-08,1725931
2025-04-09,1750178
2025-04-10,1809968
2025-04-11,1856112
2025-04-12,1856869
2025-04-13,1856869
2025-04-14,1868793
2025-04-15,1866349
2025-04-16,1927332
2025-04-17,1991959
2025-04-18,1992009
2025-04-19,1992025
2025-04-20,
2025-04-21,2022092
2025-04-22,2059904
2025-04-23,2049393
2025-04-24,2047664
2025-04-25,2017658
2025-04-26,2017125
2025-04-27,2017125
2025-04-28,1968129
2025-04-29,1959207
2025-04-30,1948151
2025-05-01,1947086
2025-05-02,1878162
2025-05-03,1877481
2025-05-04,1877481
2025-05-05,1870567
2025-05-06,1897811
2025-05-07,1918730
2025-05-08,1911532
2025-05-09,1887583
2025-05-10,1887097
2025-05-11,1887097
2025-05-12,1887104
2025-05-13,1867209
2025-05-14,1837283
2025-05-15,1813442
2025-05-16,1837102
2025-05-17,1836592
2025-05-18,1836592
2025-05-19,1840319
2025-05-20,1817679
2025-05-21,1840675
2025-05-22,1867296
2025-05-23,1867474
2025-05-24,1867039
2025-05-25,1867039
2025-05-26,1862549
2025-05-27,1865292
2025-05-28,1837637
2025-05-29,1837121
2025-05-30,1837469
2025-05-31,1837001
2025-06-01,1837001
2025-06-02,1847844
2025-06-03,1882486
2025-06-04,1866650
2025-06-05,1880661
2025-06-06,1880480
2025-06-07,1879798
2025-06-08,1879798
2025-06-09,1880346
2025-06-10,1851677
2025-06-11,1852607
2025-06-12,1870767
2025-06-13,1898851
2025-06-14,1898240
2025-06-15,1898240
2025-06-16,1920296
2025-06-17,1905241
2025-06-18,1898292
2025-06-19,1892301
2025-06-20,1890300
2025-06-21,1890865
2025-06-22,1890865
2025-06-23,1890442
2025-06-24,1885879
2025-06-25,1892881
2025-06-26,1920030
2025-06-27,1930574
2025-06-28,1934551
2025-06-29,1934551
2025-06-30,1822488
2025-07-01,1902213
2025-07-02,1920252
2025-07-03,1917126
2025-07-04,1911149
2025-07-05,1921644
2025-07-06,1921644
2025-07-07,1904149
2025-07-08,1909985
2025-07-09,1897119
2025-07-10,1891519
2025-07-11,1891519
2025-07-12,1913995
2025-07-13,1913995
2025-07-14,1910308
2025-07-15,1910999
2025-07-16,1911103
2025-07-17,1906399
2025-07-18,1904450
2025-07-19,1913568
2025-07-20,1913568
2025-07-21,1911667
2025-07-22,1924725
2025-07-23,1936448
2025-07-24,1911495
2025-07-25,1897388
2025-07-26,1906539
2025-07-27,1906539
2025-07-28,1884450
2025-07-29,1892162
2025-07-30,1903967
2025-07-31,1899076
2025-08-01,1899406
2025-08-02,1908642
2025-08-03,1908642
2025-08-04,1930365
2025-08-05,1944797
2025-08-06,1935372
2025-08-07,1935372
2025-08-08,1938174
2025-08-09,1945976
2025-08-10,1945976
2025-08-11,1926034
2025-08-12,1921067
2025-08-13,1914984
2025-08-14,1923738
2025-08-15,1924210
2025-08-16,1933661
2025-08-17,1933661
2025-08-18,1925042
2025-08-19,1923030
2025-08-20,1922025
2025-08-21,1941134
2025-08-22,1941134
2025-08-23,1950664
2025-08-24,1950664
2025-08-25,1951192
2025-08-26,1954210
2025-08-27,1962256
2025-08-28,1967284
2025-08-29,1961490
2025-08-30,1971147
2025-08-31,1971147
2025-09-01,1987934
2025-09-02,2006814
2025-09-03,2042717
2025-09-04,2045725
2025-09-05,2045725
2025-09-06,2055798
2025-09-07,2055798
2025-09-08,2055753
2025-09-09,2086841
2025-09-10,2085838
2025-09-11,2087843
2025-09-12,2086841
2025-09-13,2097116
2025-09-14,2097116
2025-09-15,2092672
2025-09-16,2110713
2025-09-17,2123742
2025-09-18,2111957
2025-09-19,2120735
2025-09-20,2131156
2025-09-21,2131156
2025-09-22,2163957
2025-09-23,2216950
2025-09-24,2243008
2025-09-25,2267062
2025-09-26,2286104
2025-09-27,2297338
2025-09-28,2297338
2025-09-29,2357987
2025-09-30,2475551
2025-10-01,2679035
2025-10-02,2584654
2025-10-03,2496074
2025-10-04,2508339
2025-10-05,2508339
2025-10-06,2552199
2025-10-07,2631876
2025-10-08,2786810
2025-10-09,2847973
2025-10-10,2852950
2025-10-11,2880176
2025-10-12,2893244
2025-10-13,3081727
2025-10-14,3222419
2025-10-15,3225225
2025-10-16,3293939
2025-10-17,3376310
2025-10-18,3382589
2025-10-19,3305990
2025-10-20,3114376
2025-10-21,2997913
2025-10-22,3000851
2025-10-23,2960088
2025-10-24,2969407
2025-10-25,2981069
2025-10-26,2981069
2025-10-27,2797549
2025-10-28,2539094
2025-10-29,2613860
2025-10-30,2636716
2025-10-31,2682268
2025-11-01,2693596
2025-11-02,2693596
2025-11-03,2664316
2025-11-04,2647891
2025-11-05,2595438
2025-11-06,2548315
2025-11-07,2526674
2025-11-08,2537061
2025-11-09,2537061
2025-11-10,2570127
2025-11-11,2577580
2025-11-12,2580157
2025-11-13,2601223
2025-11-14,2494421
2025-11-15,2494421
2025-11-16,2494421
2025-11-17,2498242
2025-11-18,2459270
2025-11-19,2491118
2025-11-20,2486830
2025-11-21,2466158
2025-11-22,2466158
2025-11-23,2466158
2025-11-24,2474307
2025-11-25,2504588
2025-11-26,2511324
2025-11-27,2496650
2025-11-28,2524046
2025-11-29,2536449
2025-11-30,2536449
2025-12-01,2547205
2025-12-02,2536236
2025-12-03,2523617
2025-12-04,2517607
2025-12-05,2522652
2025-12-06,2532559
2025-12-07,2532559
2025-12-08,2518244
2025-12-09,2503272
2025-12-10,2511464
2025-12-11,2518304
2025-12-12,2572808
2025-12-13,2583673
2025-12-14,2583673
2025-12-15,2567552
2025-12-16,2553000
2025-12-17,2569186
2025-12-18,2580993
2025-12-19,2577326
2025-12-20,2589991
2025-12-21,2589991
2025-12-22,2639269
2025-12-23,2647899
2025-12-24,2717504
2025-12-25,2741695
2025-12-26,2705027
2025-12-27,2718190
2025-12-28,2718190
2025-12-29,2620379
2025-12-30,2625718
2025-12-31,2655716
2026-01-01,2640052
2026-01-02,2628517
2026-01-03,2641308
2026-01-04,2641308
2026-01-05,2660404
2026-01-06,2693436
2026-01-07,2676144
2026-01-08,2660076
2026-01-09,2679550
2026-01-10,2692589
2026-01-11,2692589
2026-01-12,2737308
2026-01-13,2742170
2026-01-14,2763155
2026-01-15,2749778
2026-01-16,2751116
2026-01-17,2762890
2026-01-18,2762890
2026-01-19,2794210
2026-01-20,2810426
2026-01-21,2864410
2026-01-22,2882274
2026-01-23,2903393
2026-01-24,2914355
2026-01-25,2915852
2026-01-26,2953884
2026-01-27,2950729
2026-01-28,3062661
2026-01-29,3179207
2026-01-30,3060427
2026-01-31,2990670
2026-02-01,3032272
2026-02-02,2810773
2026-02-03,3021336
2026-02-04,3079994
2026-02-05,3019585
2026-02-06,2910749
2026-02-07,2916558
2026-02-08,2911217
2026-02-09,2967398
2026-02-10,2946192
2026-02-11,2948519
2026-02-12,2916537
2026-02-13,2919815
2026-02-14,2921678
2026-02-15,2918829
2026-02-16,2896541
2026-02-17,2874995
2026-02-18,2893536
2026-02-19,2897884
2026-02-20,2916298
2026-02-21,2923844
2026-02-22,2920975
2026-02-23,2981266
2026-02-24,2963198
2026-02-25,2968342
2026-02-26,2948201
2026-02-27,2952351
2026-02-28,3033011
2026-03-01,3044511
2026-03-02,3109792
2026-03-03,2991254
2026-03-04,2942150
2026-03-05,2881921
2026-03-06,2887794
2026-03-07,2897832
2026-03-08,2894949
2026-03-09,2855534
2026-03-10,2893056
2026-03-11,2874795
2026-03-12,2850939
2026-03-13,2820621
2026-03-14,2824644
2026-03-15,2835390
2026-03-16,2789596
2026-03-17,2794649
2026-03-18,2760717
2026-03-19,2690860
2026-03-20,2650342
2026-03-21,2629330
2026-03-22,2651233
2026-03-23,2574254
2026-03-24,2581744
2026-03-25,2627695
2026-03-26,2579625
2026-03-27,2610569
2026-03-28,2608758
2026-03-29,2609816
2026-03-30,2601259
2026-03-31,2645966
2026-04-01,2713718
2026-04-02,2689398
2026-04-03,2681734
2026-04-04,2681734
2026-04-05,2681734
2026-04-06,2680255
2026-04-07,2687868
2026-04-08,2748744
2026-04-09,2741808
2026-04-10,2748888
2026-04-11,2756556
2026-04-12,2761159
2026-04-13,2727362
2026-04-14,2767672
2026-04-15,2768979
2026-04-16,2737999
2026-04-17,2759080
2026-04-18,2766799
2026-04-19,2718604
2026-04-20,2686467
2026-04-21,2696618
2026-04-22,2683074
2026-04-23,2664665
2026-04-24,2670924
2026-04-25,2670850
2026-04-26,2670497
2026-04-27,2620928
2026-04-28,2584548
2026-04-29,2620165
2026-04-30,2622165
2026-05-01,2652151
2026-05-02,2644818
2026-05-03,2644757
2026-05-04,2597311
2026-05-05,2581381
2026-05-06,2660246
2026-05-07,2679089
2026-05-08,2683496
2026-05-09,2695408
2026-05-10,2695349
2026-05-11,2676304
2026-05-12,2677857
2026-05-13,2660832
2026-05-14,2666020
2026-05-15,2611459
2026-05-16,2620551
2026-05-17,2620524
2026-05-18,2611666
2026-05-19,2609552
2026-05-20,2579911
2026-05-21,2615108
2026-05-22,2618714
2026-05-23,2627223
2026-05-24,2627206
2026-05-25,2644060
2026-05-26,2621504
2026-05-27,2614043
2026-05-28,2603111
2026-05-29,2637408
2026-05-30,2641209
2026-05-31,2640851