forecast_date,ticker,forecast_price
2026-06-01,ADRO,2181.47
2026-06-02,ADRO,2147.22
2026-06-03,ADRO,2136.06
2026-06-04,ADRO,2122.34
2026-06-05,ADRO,2110.75
2026-06-08,ADRO,2114.53
2026-06-09,ADRO,2116.47
2026-06-10,ADRO,2131.06
2026-06-11,ADRO,2132.39
2026-06-12,ADRO,2086.98
2026-06-15,ADRO,2086.52
2026-06-16,ADRO,2076.58
2026-06-17,ADRO,2066.16
2026-06-18,ADRO,2058.11
2026-06-19,ADRO,2054.64
2026-06-22,ADRO,2066.6
2026-06-23,ADRO,2078.73
2026-06-24,ADRO,2090.58
2026-06-25,ADRO,2105.0
2026-06-26,ADRO,2120.04
2026-06-29,ADRO,2125.52
2026-06-30,ADRO,2124.59
2026-07-01,ADRO,2118.8
2026-07-02,ADRO,2116.5
2026-07-03,ADRO,2139.8
2026-07-06,ADRO,2148.38
2026-07-07,ADRO,2159.74
2026-07-08,ADRO,2172.64
2026-07-09,ADRO,2184.18
2026-07-10,ADRO,2190.8
2026-07-13,ADRO,2191.79
2026-07-14,ADRO,2193.71
2026-07-15,ADRO,2194.23
2026-07-16,ADRO,2193.47
2026-07-17,ADRO,2191.31
2026-07-20,ADRO,2189.49
2026-07-21,ADRO,2189.62
2026-07-22,ADRO,2197.7
2026-07-23,ADRO,2202.62
2026-07-24,ADRO,2202.73
2026-07-27,ADRO,2203.56
2026-07-28,ADRO,2202.88
2026-07-29,ADRO,2198.22
2026-07-30,ADRO,2178.19
2026-07-31,ADRO,2132.63
2026-08-03,ADRO,2104.52
2026-08-04,ADRO,2091.95
2026-08-05,ADRO,2084.98
2026-08-06,ADRO,2080.36
2026-08-07,ADRO,2077.71
2026-08-10,ADRO,2075.96
2026-08-11,ADRO,2074.53
2026-08-12,ADRO,2065.14
2026-08-13,ADRO,2058.2
2026-08-14,ADRO,2055.52
2026-08-17,ADRO,2051.12
2026-08-18,ADRO,2048.36
2026-08-19,ADRO,2046.73
2026-08-20,ADRO,2045.91
2026-08-21,ADRO,2045.19
2026-08-24,ADRO,2044.81
2026-08-25,ADRO,2044.43
2026-08-26,ADRO,2044.06
2026-06-01,ANTM,2839.86
2026-06-02,ANTM,2833.49
2026-06-03,ANTM,2822.01
2026-06-04,ANTM,2814.74
2026-06-05,ANTM,2812.31
2026-06-08,ANTM,2819.55
2026-06-09,ANTM,2824.78
2026-06-10,ANTM,2819.94
2026-06-11,ANTM,2831.67
2026-06-12,ANTM,2797.91
2026-06-15,ANTM,2798.67
2026-06-16,ANTM,2801.76
2026-06-17,ANTM,2802.88
2026-06-18,ANTM,2804.37
2026-06-19,ANTM,2814.5
2026-06-22,ANTM,2842.45
2026-06-23,ANTM,2865.63
2026-06-24,ANTM,2886.94
2026-06-25,ANTM,2903.8
2026-06-26,ANTM,2914.82
2026-06-29,ANTM,2921.41
2026-06-30,ANTM,2926.58
2026-07-01,ANTM,2934.44
2026-07-02,ANTM,2936.8
2026-07-03,ANTM,2963.51
2026-07-06,ANTM,2966.5
2026-07-07,ANTM,2971.65
2026-07-08,ANTM,2975.1
2026-07-09,ANTM,2977.74
2026-07-10,ANTM,2979.64
2026-07-13,ANTM,2981.51
2026-07-14,ANTM,2983.13
2026-07-15,ANTM,2984.7
2026-07-16,ANTM,2985.8
2026-07-17,ANTM,2987.06
2026-07-20,ANTM,2988.02
2026-07-21,ANTM,2988.96
2026-07-22,ANTM,2990.0
2026-07-23,ANTM,2991.05
2026-07-24,ANTM,2991.94
2026-07-27,ANTM,2992.37
2026-07-28,ANTM,2993.0
2026-07-29,ANTM,2993.14
2026-07-30,ANTM,2993.32
2026-07-31,ANTM,2993.96
2026-08-03,ANTM,2994.13
2026-08-04,ANTM,2994.49
2026-08-05,ANTM,2994.71
2026-08-06,ANTM,2994.77
2026-08-07,ANTM,2994.8
2026-08-10,ANTM,2995.39
2026-08-11,ANTM,2995.49
2026-08-12,ANTM,2995.41
2026-08-13,ANTM,2993.41
2026-08-14,ANTM,2950.06
2026-08-17,ANTM,2869.69
2026-08-18,ANTM,2855.5
2026-08-19,ANTM,2841.39
2026-08-20,ANTM,2832.02
2026-08-21,ANTM,2826.05
2026-08-24,ANTM,2821.72
2026-08-25,ANTM,2817.35
2026-08-26,ANTM,2814.94
2026-06-01,ASII,5066.47
2026-06-02,ASII,5063.82
2026-06-03,ASII,5068.25
2026-06-04,ASII,5054.74
2026-06-05,ASII,5021.87
2026-06-08,ASII,4992.2
2026-06-09,ASII,4997.75
2026-06-10,ASII,4968.86
2026-06-11,ASII,4968.05
2026-06-12,ASII,4973.85
2026-06-15,ASII,4935.37
2026-06-16,ASII,4969.65
2026-06-17,ASII,4981.33
2026-06-18,ASII,4988.95
2026-06-19,ASII,5010.22
2026-06-22,ASII,4991.33
2026-06-23,ASII,4997.38
2026-06-24,ASII,4986.42
2026-06-25,ASII,4987.28
2026-06-26,ASII,4996.82
2026-06-29,ASII,5012.5
2026-06-30,ASII,5020.92
2026-07-01,ASII,5044.03
2026-07-02,ASII,5055.17
2026-07-03,ASII,5062.28
2026-07-06,ASII,5091.26
2026-07-07,ASII,5094.97
2026-07-08,ASII,5100.29
2026-07-09,ASII,5102.89
2026-07-10,ASII,5103.69
2026-07-13,ASII,5124.5
2026-07-14,ASII,5127.69
2026-07-15,ASII,5144.32
2026-07-16,ASII,5146.25
2026-07-17,ASII,5151.41
2026-07-20,ASII,5154.43
2026-07-21,ASII,5157.22
2026-07-22,ASII,5159.05
2026-07-23,ASII,5159.26
2026-07-24,ASII,5160.63
2026-07-27,ASII,5159.97
2026-07-28,ASII,5159.73
2026-07-29,ASII,5159.67
2026-07-30,ASII,5160.25
2026-07-31,ASII,5160.6
2026-08-03,ASII,5159.06
2026-08-04,ASII,5153.66
2026-08-05,ASII,5113.26
2026-08-06,ASII,5033.73
2026-08-07,ASII,4998.74
2026-08-10,ASII,4979.06
2026-08-11,ASII,4963.65
2026-08-12,ASII,4951.16
2026-08-13,ASII,4945.66
2026-08-14,ASII,4940.47
2026-08-17,ASII,4937.31
2026-08-18,ASII,4931.32
2026-08-19,ASII,4927.95
2026-08-20,ASII,4924.41
2026-08-21,ASII,4920.81
2026-08-24,ASII,4917.97
2026-08-25,ASII,4916.52
2026-08-26,ASII,4915.4
2026-06-01,BBCA,6340.62
2026-06-02,BBCA,6361.32
2026-06-03,BBCA,6381.52
2026-06-04,BBCA,6364.41
2026-06-05,BBCA,6278.54
2026-06-08,BBCA,6333.82
2026-06-09,BBCA,6320.64
2026-06-10,BBCA,6317.35
2026-06-11,BBCA,6342.27
2026-06-12,BBCA,6337.49
2026-06-15,BBCA,6345.47
2026-06-16,BBCA,6361.68
2026-06-17,BBCA,6358.17
2026-06-18,BBCA,6360.71
2026-06-19,BBCA,6359.55
2026-06-22,BBCA,6333.4
2026-06-23,BBCA,6339.09
2026-06-24,BBCA,6339.09
2026-06-25,BBCA,6528.71
2026-06-26,BBCA,6423.6
2026-06-29,BBCA,6582.42
2026-06-30,BBCA,6644.91
2026-07-01,BBCA,6816.72
2026-07-02,BBCA,6786.38
2026-07-03,BBCA,6866.26
2026-07-06,BBCA,6872.37
2026-07-07,BBCA,6871.86
2026-07-08,BBCA,6868.47
2026-07-09,BBCA,6873.84
2026-07-10,BBCA,6873.81
2026-07-13,BBCA,6903.97
2026-07-14,BBCA,6912.06
2026-07-15,BBCA,6907.29
2026-07-16,BBCA,6912.86
2026-07-17,BBCA,6911.66
2026-07-20,BBCA,6919.73
2026-07-21,BBCA,7012.65
2026-07-22,BBCA,7081.76
2026-07-23,BBCA,7077.96
2026-07-24,BBCA,7037.14
2026-07-27,BBCA,7183.48
2026-07-28,BBCA,7270.17
2026-07-29,BBCA,7316.31
2026-07-30,BBCA,7305.68
2026-07-31,BBCA,7305.09
2026-08-03,BBCA,7359.51
2026-08-04,BBCA,7349.07
2026-08-05,BBCA,7344.3
2026-08-06,BBCA,7344.3
2026-08-07,BBCA,7341.05
2026-08-10,BBCA,7341.05
2026-08-11,BBCA,7341.05
2026-08-12,BBCA,7341.05
2026-08-13,BBCA,7341.05
2026-08-14,BBCA,7341.05
2026-08-17,BBCA,7347.95
2026-08-18,BBCA,7354.47
2026-08-19,BBCA,7354.47
2026-08-20,BBCA,7356.97
2026-08-21,BBCA,7356.97
2026-08-24,BBCA,7356.97
2026-08-25,BBCA,7356.97
2026-08-26,BBCA,7379.94
2026-06-01,BBNI,3760.14
2026-06-02,BBNI,3818.64
2026-06-03,BBNI,3855.82
2026-06-04,BBNI,3856.68
2026-06-05,BBNI,3819.7
2026-06-08,BBNI,3822.46
2026-06-09,BBNI,3824.38
2026-06-10,BBNI,3827.28
2026-06-11,BBNI,3828.3
2026-06-12,BBNI,3807.43
2026-06-15,BBNI,3847.74
2026-06-16,BBNI,3819.39
2026-06-17,BBNI,3814.64
2026-06-18,BBNI,3818.3
2026-06-19,BBNI,3818.3
2026-06-22,BBNI,3817.27
2026-06-23,BBNI,3817.27
2026-06-24,BBNI,3817.27
2026-06-25,BBNI,3818.3
2026-06-26,BBNI,3817.27
2026-06-29,BBNI,3814.53
2026-06-30,BBNI,3807.88
2026-07-01,BBNI,3807.88
2026-07-02,BBNI,3808.36
2026-07-03,BBNI,3808.36
2026-07-06,BBNI,3816.06
2026-07-07,BBNI,3816.06
2026-07-08,BBNI,3826.84
2026-07-09,BBNI,3847.51
2026-07-10,BBNI,3874.04
2026-07-13,BBNI,3944.05
2026-07-14,BBNI,3997.29
2026-07-15,BBNI,4032.02
2026-07-16,BBNI,4019.74
2026-07-17,BBNI,4048.36
2026-07-20,BBNI,4190.02
2026-07-21,BBNI,4212.05
2026-07-22,BBNI,4215.26
2026-07-23,BBNI,4187.92
2026-07-24,BBNI,4220.19
2026-07-27,BBNI,4243.32
2026-07-28,BBNI,4271.12
2026-07-29,BBNI,4284.66
2026-07-30,BBNI,4275.62
2026-07-31,BBNI,4251.67
2026-08-03,BBNI,4257.35
2026-08-04,BBNI,4274.5
2026-08-05,BBNI,4272.14
2026-08-06,BBNI,4225.62
2026-08-07,BBNI,4212.95
2026-08-10,BBNI,4228.96
2026-08-11,BBNI,4234.91
2026-08-12,BBNI,4252.68
2026-08-13,BBNI,4308.67
2026-08-14,BBNI,4329.16
2026-08-17,BBNI,4341.05
2026-08-18,BBNI,4395.08
2026-08-19,BBNI,4416.84
2026-08-20,BBNI,4410.21
2026-08-21,BBNI,4391.87
2026-08-24,BBNI,4377.32
2026-08-25,BBNI,4376.24
2026-08-26,BBNI,4376.24
2026-06-01,BBRI,3091.67
2026-06-02,BBRI,3092.96
2026-06-03,BBRI,3089.12
2026-06-04,BBRI,3096.19
2026-06-05,BBRI,3102.4
2026-06-08,BBRI,3114.54
2026-06-09,BBRI,3115.61
2026-06-10,BBRI,3114.32
2026-06-11,BBRI,3115.98
2026-06-12,BBRI,3113.16
2026-06-15,BBRI,3113.01
2026-06-16,BBRI,3112.43
2026-06-17,BBRI,3109.91
2026-06-18,BBRI,3110.58
2026-06-19,BBRI,3112.52
2026-06-22,BBRI,3108.13
2026-06-23,BBRI,3110.58
2026-06-24,BBRI,3111.63
2026-06-25,BBRI,3114.06
2026-06-26,BBRI,3113.28
2026-06-29,BBRI,3111.37
2026-06-30,BBRI,3114.44
2026-07-01,BBRI,3121.62
2026-07-02,BBRI,3111.42
2026-07-03,BBRI,3104.66
2026-07-06,BBRI,3102.22
2026-07-07,BBRI,3089.23
2026-07-08,BBRI,3093.38
2026-07-09,BBRI,3111.15
2026-07-10,BBRI,3110.78
2026-07-13,BBRI,3108.23
2026-07-14,BBRI,3111.73
2026-07-15,BBRI,3111.93
2026-07-16,BBRI,3112.82
2026-07-17,BBRI,3111.85
2026-07-20,BBRI,3108.13
2026-07-21,BBRI,3108.91
2026-07-22,BBRI,3111.63
2026-07-23,BBRI,3111.63
2026-07-24,BBRI,3108.13
2026-07-27,BBRI,3111.61
2026-07-28,BBRI,3110.48
2026-07-29,BBRI,3110.48
2026-07-30,BBRI,3110.48
2026-07-31,BBRI,3114.16
2026-08-03,BBRI,3101.97
2026-08-04,BBRI,3101.97
2026-08-05,BBRI,3103.75
2026-08-06,BBRI,3106.47
2026-08-07,BBRI,3101.53
2026-08-10,BBRI,3110.07
2026-08-11,BBRI,3108.13
2026-08-12,BBRI,3108.13
2026-08-13,BBRI,3108.13
2026-08-14,BBRI,3107.35
2026-08-17,BBRI,3111.85
2026-08-18,BBRI,3113.3
2026-08-19,BBRI,3113.3
2026-08-20,BBRI,3110.58
2026-08-21,BBRI,3109.8
2026-08-24,BBRI,3109.8
2026-08-25,BBRI,3111.34
2026-08-26,BBRI,3114.06
2026-06-01,BMRI,4188.82
2026-06-02,BMRI,4194.84
2026-06-03,BMRI,4195.54
2026-06-04,BMRI,4191.29
2026-06-05,BMRI,4189.22
2026-06-08,BMRI,4192.19
2026-06-09,BMRI,4191.57
2026-06-10,BMRI,4191.57
2026-06-11,BMRI,4191.57
2026-06-12,BMRI,4191.57
2026-06-15,BMRI,4191.57
2026-06-16,BMRI,4192.19
2026-06-17,BMRI,4192.19
2026-06-18,BMRI,4192.19
2026-06-19,BMRI,4192.19
2026-06-22,BMRI,4192.19
2026-06-23,BMRI,4192.19
2026-06-24,BMRI,4192.19
2026-06-25,BMRI,4192.19
2026-06-26,BMRI,4192.19
2026-06-29,BMRI,4192.19
2026-06-30,BMRI,4191.77
2026-07-01,BMRI,4190.93
2026-07-02,BMRI,4191.88
2026-07-03,BMRI,4191.04
2026-07-06,BMRI,4192.56
2026-07-07,BMRI,4191.94
2026-07-08,BMRI,4191.94
2026-07-09,BMRI,4191.94
2026-07-10,BMRI,4192.56
2026-07-13,BMRI,4191.94
2026-07-14,BMRI,4192.56
2026-07-15,BMRI,4191.94
2026-07-16,BMRI,4191.94
2026-07-17,BMRI,4191.94
2026-07-20,BMRI,4191.94
2026-07-21,BMRI,4191.94
2026-07-22,BMRI,4191.94
2026-07-23,BMRI,4191.94
2026-07-24,BMRI,4191.94
2026-07-27,BMRI,4191.94
2026-07-28,BMRI,4191.94
2026-07-29,BMRI,4191.94
2026-07-30,BMRI,4191.94
2026-07-31,BMRI,4191.94
2026-08-03,BMRI,4191.94
2026-08-04,BMRI,4191.94
2026-08-05,BMRI,4191.94
2026-08-06,BMRI,4191.94
2026-08-07,BMRI,4191.94
2026-08-10,BMRI,4191.94
2026-08-11,BMRI,4191.94
2026-08-12,BMRI,4191.94
2026-08-13,BMRI,4191.94
2026-08-14,BMRI,4191.94
2026-08-17,BMRI,4191.94
2026-08-18,BMRI,4191.94
2026-08-19,BMRI,4191.94
2026-08-20,BMRI,4191.94
2026-08-21,BMRI,4191.94
2026-08-24,BMRI,4191.94
2026-08-25,BMRI,4191.94
2026-08-26,BMRI,4191.94
2026-06-01,CUAN,637.03
2026-06-02,CUAN,636.93
2026-06-03,CUAN,637.01
2026-06-04,CUAN,637.07
2026-06-05,CUAN,637.07
2026-06-08,CUAN,637.07
2026-06-09,CUAN,636.29
2026-06-10,CUAN,636.89
2026-06-11,CUAN,636.39
2026-06-12,CUAN,636.39
2026-06-15,CUAN,638.81
2026-06-16,CUAN,638.81
2026-06-17,CUAN,638.99
2026-06-18,CUAN,638.99
2026-06-19,CUAN,637.64
2026-06-22,CUAN,637.08
2026-06-23,CUAN,637.08
2026-06-24,CUAN,637.08
2026-06-25,CUAN,637.08
2026-06-26,CUAN,637.08
2026-06-29,CUAN,637.08
2026-06-30,CUAN,637.08
2026-07-01,CUAN,637.08
2026-07-02,CUAN,637.08
2026-07-03,CUAN,637.08
2026-07-06,CUAN,636.34
2026-07-07,CUAN,636.34
2026-07-08,CUAN,636.34
2026-07-09,CUAN,636.34
2026-07-10,CUAN,636.26
2026-07-13,CUAN,636.26
2026-07-14,CUAN,636.26
2026-07-15,CUAN,636.26
2026-07-16,CUAN,636.35
2026-07-17,CUAN,636.35
2026-07-20,CUAN,636.35
2026-07-21,CUAN,636.35
2026-07-22,CUAN,636.35
2026-07-23,CUAN,636.35
2026-07-24,CUAN,636.35
2026-07-27,CUAN,637.08
2026-07-28,CUAN,637.59
2026-07-29,CUAN,637.59
2026-07-30,CUAN,637.59
2026-07-31,CUAN,639.0
2026-08-03,CUAN,639.0
2026-08-04,CUAN,639.0
2026-08-05,CUAN,639.0
2026-08-06,CUAN,639.0
2026-08-07,CUAN,638.88
2026-08-10,CUAN,638.88
2026-08-11,CUAN,638.88
2026-08-12,CUAN,638.88
2026-08-13,CUAN,638.88
2026-08-14,CUAN,638.88
2026-08-17,CUAN,637.47
2026-08-18,CUAN,636.96
2026-08-19,CUAN,636.63
2026-08-20,CUAN,636.33
2026-08-21,CUAN,636.22
2026-08-24,CUAN,636.22
2026-08-25,CUAN,636.22
2026-08-26,CUAN,636.22
2026-06-01,EMAS,2383400.5
2026-06-02,EMAS,2358260.0
2026-06-03,EMAS,2328596.25
2026-06-04,EMAS,2305850.75
2026-06-05,EMAS,2276333.5
2026-06-08,EMAS,2261715.75
2026-06-09,EMAS,2235495.75
2026-06-10,EMAS,2222373.75
2026-06-11,EMAS,2210847.5
2026-06-12,EMAS,2201082.5
2026-06-15,EMAS,2194589.0
2026-06-16,EMAS,2177992.5
2026-06-17,EMAS,2167602.5
2026-06-18,EMAS,2161183.75
2026-06-19,EMAS,2157191.25
2026-06-22,EMAS,2151862.0
2026-06-23,EMAS,2149423.5
2026-06-24,EMAS,2146971.5
2026-06-25,EMAS,2147955.25
2026-06-26,EMAS,2148345.75
2026-06-29,EMAS,2149539.5
2026-06-30,EMAS,2140658.0
2026-07-01,EMAS,2141098.75
2026-07-02,EMAS,2141484.25
2026-07-03,EMAS,2143045.25
2026-07-06,EMAS,2145942.75
2026-07-07,EMAS,2153272.25
2026-07-08,EMAS,2164724.75
2026-07-09,EMAS,2179354.0
2026-07-10,EMAS,2192190.25
2026-07-13,EMAS,2204493.75
2026-07-14,EMAS,2214386.5
2026-07-15,EMAS,2222905.75
2026-07-16,EMAS,2229976.0
2026-07-17,EMAS,2236204.0
2026-07-20,EMAS,2242203.5
2026-07-21,EMAS,2251397.75
2026-07-22,EMAS,2256525.0
2026-07-23,EMAS,2261722.75
2026-07-24,EMAS,2266819.5
2026-07-27,EMAS,2271313.25
2026-07-28,EMAS,2275461.5
2026-07-29,EMAS,2278822.25
2026-07-30,EMAS,2282362.5
2026-07-31,EMAS,2285004.25
2026-08-03,EMAS,2287592.0
2026-08-04,EMAS,2289949.5
2026-08-05,EMAS,2292357.75
2026-08-06,EMAS,2294649.75
2026-08-07,EMAS,2296551.75
2026-08-10,EMAS,2298382.75
2026-08-11,EMAS,2299961.5
2026-08-12,EMAS,2301350.75
2026-08-13,EMAS,2302416.5
2026-08-14,EMAS,2303534.75
2026-08-17,EMAS,2304336.75
2026-08-18,EMAS,2305049.25
2026-08-19,EMAS,2305510.5
2026-08-20,EMAS,2305902.75
2026-08-21,EMAS,2306212.25
2026-08-24,EMAS,2307870.0
2026-08-25,EMAS,2308117.75
2026-08-26,EMAS,2308400.0
2026-06-01,ICBP,7173.18
2026-06-02,ICBP,7223.13
2026-06-03,ICBP,7223.42
2026-06-04,ICBP,7200.45
2026-06-05,ICBP,7192.69
2026-06-08,ICBP,7203.98
2026-06-09,ICBP,7206.03
2026-06-10,ICBP,7222.26
2026-06-11,ICBP,7217.34
2026-06-12,ICBP,7219.61
2026-06-15,ICBP,7212.66
2026-06-16,ICBP,7224.3
2026-06-17,ICBP,7225.41
2026-06-18,ICBP,7225.41
2026-06-19,ICBP,7225.41
2026-06-22,ICBP,7224.3
2026-06-23,ICBP,7224.3
2026-06-24,ICBP,7224.3
2026-06-25,ICBP,7211.56
2026-06-26,ICBP,7229.25
2026-06-29,ICBP,7216.5
2026-06-30,ICBP,7216.5
2026-07-01,ICBP,7216.5
2026-07-02,ICBP,7219.14
2026-07-03,ICBP,7219.14
2026-07-06,ICBP,7222.14
2026-07-07,ICBP,7218.26
2026-07-08,ICBP,7222.14
2026-07-09,ICBP,7222.14
2026-07-10,ICBP,7222.14
2026-07-13,ICBP,7212.62
2026-07-14,ICBP,7216.5
2026-07-15,ICBP,7216.5
2026-07-16,ICBP,7215.61
2026-07-17,ICBP,7219.49
2026-07-20,ICBP,7219.49
2026-07-21,ICBP,7219.49
2026-07-22,ICBP,7219.49
2026-07-23,ICBP,7219.49
2026-07-24,ICBP,7219.49
2026-07-27,ICBP,7219.49
2026-07-28,ICBP,7219.49
2026-07-29,ICBP,7216.5
2026-07-30,ICBP,7216.5
2026-07-31,ICBP,7212.62
2026-08-03,ICBP,7215.27
2026-08-04,ICBP,7213.17
2026-08-05,ICBP,7215.27
2026-08-06,ICBP,7215.27
2026-08-07,ICBP,7213.17
2026-08-10,ICBP,7213.17
2026-08-11,ICBP,7213.17
2026-08-12,ICBP,7210.52
2026-08-13,ICBP,7212.62
2026-08-14,ICBP,7212.62
2026-08-17,ICBP,7212.62
2026-08-18,ICBP,7212.62
2026-08-19,ICBP,7212.62
2026-08-20,ICBP,7212.62
2026-08-21,ICBP,7212.62
2026-08-24,ICBP,7210.52
2026-08-25,ICBP,7210.52
2026-08-26,ICBP,7210.52
2026-06-01,INCO,4621.31
2026-06-02,INCO,4612.02
2026-06-03,INCO,4611.3
2026-06-04,INCO,4607.67
2026-06-05,INCO,4609.91
2026-06-08,INCO,4607.55
2026-06-09,INCO,4607.32
2026-06-10,INCO,4607.32
2026-06-11,INCO,4607.8
2026-06-12,INCO,4611.76
2026-06-15,INCO,4611.76
2026-06-16,INCO,4611.76
2026-06-17,INCO,4611.76
2026-06-18,INCO,4602.04
2026-06-19,INCO,4601.47
2026-06-22,INCO,4610.6
2026-06-23,INCO,4607.8
2026-06-24,INCO,4598.69
2026-06-25,INCO,4598.91
2026-06-26,INCO,4599.04
2026-06-29,INCO,4598.33
2026-06-30,INCO,4598.33
2026-07-01,INCO,4598.58
2026-07-02,INCO,4599.22
2026-07-03,INCO,4599.96
2026-07-06,INCO,4599.96
2026-07-07,INCO,4599.96
2026-07-08,INCO,4599.96
2026-07-09,INCO,4598.12
2026-07-10,INCO,4598.12
2026-07-13,INCO,4601.27
2026-07-14,INCO,4600.24
2026-07-15,INCO,4598.18
2026-07-16,INCO,4598.12
2026-07-17,INCO,4598.12
2026-07-20,INCO,4598.12
2026-07-21,INCO,4598.12
2026-07-22,INCO,4598.12
2026-07-23,INCO,4599.88
2026-07-24,INCO,4599.55
2026-07-27,INCO,4599.55
2026-07-28,INCO,4599.55
2026-07-29,INCO,4599.55
2026-07-30,INCO,4599.61
2026-07-31,INCO,4599.26
2026-08-03,INCO,4601.04
2026-08-04,INCO,4599.26
2026-08-05,INCO,4599.26
2026-08-06,INCO,4599.26
2026-08-07,INCO,4599.26
2026-08-10,INCO,4599.26
2026-08-11,INCO,4599.26
2026-08-12,INCO,4599.26
2026-08-13,INCO,4600.17
2026-08-14,INCO,4599.26
2026-08-17,INCO,4599.2
2026-08-18,INCO,4599.2
2026-08-19,INCO,4599.2
2026-08-20,INCO,4599.2
2026-08-21,INCO,4599.2
2026-08-24,INCO,4602.83
2026-08-25,INCO,4606.01
2026-08-26,INCO,4606.01
2026-06-01,ISAT,2148.9
2026-06-02,ISAT,2135.46
2026-06-03,ISAT,2135.37
2026-06-04,ISAT,2135.07
2026-06-05,ISAT,2135.02
2026-06-08,ISAT,2117.78
2026-06-09,ISAT,2123.33
2026-06-10,ISAT,2123.46
2026-06-11,ISAT,2131.17
2026-06-12,ISAT,2141.52
2026-06-15,ISAT,2119.87
2026-06-16,ISAT,2113.98
2026-06-17,ISAT,2105.23
2026-06-18,ISAT,2105.0
2026-06-19,ISAT,2097.26
2026-06-22,ISAT,2097.05
2026-06-23,ISAT,2100.47
2026-06-24,ISAT,2107.59
2026-06-25,ISAT,2110.96
2026-06-26,ISAT,2111.42
2026-06-29,ISAT,2122.92
2026-06-30,ISAT,2124.21
2026-07-01,ISAT,2123.22
2026-07-02,ISAT,2129.67
2026-07-03,ISAT,2121.22
2026-07-06,ISAT,2126.52
2026-07-07,ISAT,2129.0
2026-07-08,ISAT,2138.57
2026-07-09,ISAT,2142.16
2026-07-10,ISAT,2151.13
2026-07-13,ISAT,2151.02
2026-07-14,ISAT,2151.02
2026-07-15,ISAT,2150.99
2026-07-16,ISAT,2165.71
2026-07-17,ISAT,2165.05
2026-07-20,ISAT,2166.11
2026-07-21,ISAT,2171.63
2026-07-22,ISAT,2171.58
2026-07-23,ISAT,2171.57
2026-07-24,ISAT,2172.41
2026-07-27,ISAT,2172.41
2026-07-28,ISAT,2172.41
2026-07-29,ISAT,2172.41
2026-07-30,ISAT,2172.41
2026-07-31,ISAT,2173.1
2026-08-03,ISAT,2173.1
2026-08-04,ISAT,2173.57
2026-08-05,ISAT,2173.57
2026-08-06,ISAT,2173.43
2026-08-07,ISAT,2173.43
2026-08-10,ISAT,2173.43
2026-08-11,ISAT,2173.43
2026-08-12,ISAT,2173.43
2026-08-13,ISAT,2173.43
2026-08-14,ISAT,2173.61
2026-08-17,ISAT,2173.61
2026-08-18,ISAT,2173.61
2026-08-19,ISAT,2173.61
2026-08-20,ISAT,2173.95
2026-08-21,ISAT,2173.95
2026-08-24,ISAT,2173.95
2026-08-25,ISAT,2170.94
2026-08-26,ISAT,2124.45
2026-06-01,MEDC,1195.71
2026-06-02,MEDC,1192.61
2026-06-03,MEDC,1185.42
2026-06-04,MEDC,1184.58
2026-06-05,MEDC,1175.83
2026-06-08,MEDC,1171.01
2026-06-09,MEDC,1171.45
2026-06-10,MEDC,1161.09
2026-06-11,MEDC,1165.05
2026-06-12,MEDC,1158.66
2026-06-15,MEDC,1159.17
2026-06-16,MEDC,1160.88
2026-06-17,MEDC,1160.4
2026-06-18,MEDC,1162.74
2026-06-19,MEDC,1166.54
2026-06-22,MEDC,1175.13
2026-06-23,MEDC,1184.94
2026-06-24,MEDC,1198.29
2026-06-25,MEDC,1208.75
2026-06-26,MEDC,1222.49
2026-06-29,MEDC,1231.86
2026-06-30,MEDC,1237.69
2026-07-01,MEDC,1249.23
2026-07-02,MEDC,1253.39
2026-07-03,MEDC,1261.45
2026-07-06,MEDC,1264.34
2026-07-07,MEDC,1267.15
2026-07-08,MEDC,1269.73
2026-07-09,MEDC,1271.84
2026-07-10,MEDC,1273.47
2026-07-13,MEDC,1275.11
2026-07-14,MEDC,1276.31
2026-07-15,MEDC,1277.4
2026-07-16,MEDC,1278.4
2026-07-17,MEDC,1278.91
2026-07-20,MEDC,1279.83
2026-07-21,MEDC,1280.43
2026-07-22,MEDC,1281.08
2026-07-23,MEDC,1281.53
2026-07-24,MEDC,1282.17
2026-07-27,MEDC,1282.69
2026-07-28,MEDC,1283.15
2026-07-29,MEDC,1283.47
2026-07-30,MEDC,1284.17
2026-07-31,MEDC,1284.31
2026-08-03,MEDC,1284.67
2026-08-04,MEDC,1284.71
2026-08-05,MEDC,1284.87
2026-08-06,MEDC,1284.91
2026-08-07,MEDC,1284.95
2026-08-10,MEDC,1284.86
2026-08-11,MEDC,1283.72
2026-08-12,MEDC,1267.73
2026-08-13,MEDC,1221.56
2026-08-14,MEDC,1207.66
2026-08-17,MEDC,1200.4
2026-08-18,MEDC,1194.13
2026-08-19,MEDC,1188.58
2026-08-20,MEDC,1184.92
2026-08-21,MEDC,1181.67
2026-08-24,MEDC,1179.42
2026-08-25,MEDC,1179.04
2026-08-26,MEDC,1178.03
2026-06-01,MYOR,1875.84
2026-06-02,MYOR,1876.08
2026-06-03,MYOR,1873.75
2026-06-04,MYOR,1865.94
2026-06-05,MYOR,1859.13
2026-06-08,MYOR,1861.83
2026-06-09,MYOR,1860.43
2026-06-10,MYOR,1857.67
2026-06-11,MYOR,1857.26
2026-06-12,MYOR,1857.84
2026-06-15,MYOR,1858.75
2026-06-16,MYOR,1859.08
2026-06-17,MYOR,1856.62
2026-06-18,MYOR,1858.34
2026-06-19,MYOR,1858.78
2026-06-22,MYOR,1857.32
2026-06-23,MYOR,1857.03
2026-06-24,MYOR,1854.7
2026-06-25,MYOR,1856.78
2026-06-26,MYOR,1857.31
2026-06-29,MYOR,1860.25
2026-06-30,MYOR,1860.24
2026-07-01,MYOR,1856.28
2026-07-02,MYOR,1858.72
2026-07-03,MYOR,1859.56
2026-07-06,MYOR,1858.78
2026-07-07,MYOR,1858.79
2026-07-08,MYOR,1856.78
2026-07-09,MYOR,1819.29
2026-07-10,MYOR,1841.73
2026-07-13,MYOR,1871.89
2026-07-14,MYOR,1867.32
2026-07-15,MYOR,1863.92
2026-07-16,MYOR,1866.48
2026-07-17,MYOR,1860.99
2026-07-20,MYOR,1860.88
2026-07-21,MYOR,1860.14
2026-07-22,MYOR,1857.73
2026-07-23,MYOR,1857.84
2026-07-24,MYOR,1860.09
2026-07-27,MYOR,1857.32
2026-07-28,MYOR,1859.47
2026-07-29,MYOR,1857.12
2026-07-30,MYOR,1859.06
2026-07-31,MYOR,1859.91
2026-08-03,MYOR,1858.4
2026-08-04,MYOR,1858.79
2026-08-05,MYOR,1857.17
2026-08-06,MYOR,1858.72
2026-08-07,MYOR,1859.56
2026-08-10,MYOR,1858.4
2026-08-11,MYOR,1858.79
2026-08-12,MYOR,1856.78
2026-08-13,MYOR,1858.72
2026-08-14,MYOR,1859.56
2026-08-17,MYOR,1858.78
2026-08-18,MYOR,1860.6
2026-08-19,MYOR,1857.74
2026-08-20,MYOR,1859.68
2026-08-21,MYOR,1860.14
2026-08-24,MYOR,1857.91
2026-08-25,MYOR,1859.02
2026-08-26,MYOR,1855.7
2026-06-01,PTBA,2721.27
2026-06-02,PTBA,2715.14
2026-06-03,PTBA,2707.27
2026-06-04,PTBA,2702.37
2026-06-05,PTBA,2694.52
2026-06-08,PTBA,2688.21
2026-06-09,PTBA,2707.34
2026-06-10,PTBA,2681.17
2026-06-11,PTBA,2694.01
2026-06-12,PTBA,2693.6
2026-06-15,PTBA,2666.48
2026-06-16,PTBA,2639.96
2026-06-17,PTBA,2633.09
2026-06-18,PTBA,2631.69
2026-06-19,PTBA,2631.52
2026-06-22,PTBA,2638.97
2026-06-23,PTBA,2646.53
2026-06-24,PTBA,2655.08
2026-06-25,PTBA,2662.38
2026-06-26,PTBA,2671.39
2026-06-29,PTBA,2679.38
2026-06-30,PTBA,2673.35
2026-07-01,PTBA,2684.22
2026-07-02,PTBA,2684.07
2026-07-03,PTBA,2685.58
2026-07-06,PTBA,2705.5
2026-07-07,PTBA,2742.12
2026-07-08,PTBA,2757.44
2026-07-09,PTBA,2763.52
2026-07-10,PTBA,2768.26
2026-07-13,PTBA,2771.73
2026-07-14,PTBA,2773.6
2026-07-15,PTBA,2774.73
2026-07-16,PTBA,2775.76
2026-07-17,PTBA,2775.83
2026-07-20,PTBA,2776.04
2026-07-21,PTBA,2784.06
2026-07-22,PTBA,2785.48
2026-07-23,PTBA,2786.92
2026-07-24,PTBA,2787.93
2026-07-27,PTBA,2788.81
2026-07-28,PTBA,2789.43
2026-07-29,PTBA,2789.88
2026-07-30,PTBA,2790.5
2026-07-31,PTBA,2790.64
2026-08-03,PTBA,2790.88
2026-08-04,PTBA,2791.43
2026-08-05,PTBA,2792.36
2026-08-06,PTBA,2792.69
2026-08-07,PTBA,2792.87
2026-08-10,PTBA,2792.95
2026-08-11,PTBA,2793.34
2026-08-12,PTBA,2793.04
2026-08-13,PTBA,2787.72
2026-08-14,PTBA,2724.54
2026-08-17,PTBA,2658.34
2026-08-18,PTBA,2647.09
2026-08-19,PTBA,2638.18
2026-08-20,PTBA,2629.6
2026-08-21,PTBA,2623.57
2026-08-24,PTBA,2619.07
2026-08-25,PTBA,2614.59
2026-08-26,PTBA,2611.31
2026-06-01,TLKM,2867.22
2026-06-02,TLKM,2821.46
2026-06-03,TLKM,2799.31
2026-06-04,TLKM,2766.72
2026-06-05,TLKM,2745.35
2026-06-08,TLKM,2701.42
2026-06-09,TLKM,2708.97
2026-06-10,TLKM,2726.97
2026-06-11,TLKM,2767.35
2026-06-12,TLKM,2791.91
2026-06-15,TLKM,2801.92
2026-06-16,TLKM,2798.61
2026-06-17,TLKM,2793.48
2026-06-18,TLKM,2809.86
2026-06-19,TLKM,2825.77
2026-06-22,TLKM,2874.63
2026-06-23,TLKM,2882.05
2026-06-24,TLKM,2867.24
2026-06-25,TLKM,2817.05
2026-06-26,TLKM,2800.85
2026-06-29,TLKM,2803.79
2026-06-30,TLKM,2807.15
2026-07-01,TLKM,2818.55
2026-07-02,TLKM,2829.63
2026-07-03,TLKM,2839.86
2026-07-06,TLKM,2850.63
2026-07-07,TLKM,2851.58
2026-07-08,TLKM,2853.28
2026-07-09,TLKM,2855.28
2026-07-10,TLKM,2854.6
2026-07-13,TLKM,2854.62
2026-07-14,TLKM,2857.29
2026-07-15,TLKM,2857.01
2026-07-16,TLKM,2854.32
2026-07-17,TLKM,2854.32
2026-07-20,TLKM,2853.59
2026-07-21,TLKM,2857.01
2026-07-22,TLKM,2855.31
2026-07-23,TLKM,2856.02
2026-07-24,TLKM,2856.02
2026-07-27,TLKM,2853.59
2026-07-28,TLKM,2855.31
2026-07-29,TLKM,2854.58
2026-07-30,TLKM,2854.32
2026-07-31,TLKM,2854.32
2026-08-03,TLKM,2854.32
2026-08-04,TLKM,2850.13
2026-08-05,TLKM,2850.13
2026-08-06,TLKM,2849.14
2026-08-07,TLKM,2848.7
2026-08-10,TLKM,2849.14
2026-08-11,TLKM,2850.13
2026-08-12,TLKM,2855.31
2026-08-13,TLKM,2854.32
2026-08-14,TLKM,2854.32
2026-08-17,TLKM,2854.6
2026-08-18,TLKM,2855.31
2026-08-19,TLKM,2855.31
2026-08-20,TLKM,2854.32
2026-08-21,TLKM,2854.32
2026-08-24,TLKM,2854.32
2026-08-25,TLKM,2855.31
2026-08-26,TLKM,2855.31
