Date,Close,Ticker
2021-05-31,896029.0,EMAS
2021-06-01,894482.0,EMAS
2021-06-02,896732.0,EMAS
2021-06-03,893666.0,EMAS
2021-06-04,894654.0,EMAS
2021-06-05,893855.0,EMAS
2021-06-06,893855.0,EMAS
2021-06-07,892740.0,EMAS
2021-06-08,892359.0,EMAS
2021-06-09,894341.0,EMAS
2021-06-10,891113.0,EMAS
2021-06-11,879898.0,EMAS
2021-06-12,880317.0,EMAS
2021-06-13,880317.0,EMAS
2021-06-14,884174.0,EMAS
2021-06-15,881957.0,EMAS
2021-06-16,881959.0,EMAS
2021-06-17,849479.0,EMAS
2021-06-18,857848.0,EMAS
2021-06-19,855735.0,EMAS
2021-06-20,855735.0,EMAS
2021-06-21,864744.0,EMAS
2021-06-22,859393.0,EMAS
2021-06-23,868890.0,EMAS
2021-06-24,862097.0,EMAS
2021-06-25,865225.0,EMAS
2021-06-26,865225.0,EMAS
2021-06-27,865225.0,EMAS
2021-06-28,861615.0,EMAS
2021-06-29,865384.0,EMAS
2021-06-30,866254.0,EMAS
2021-07-01,866787.0,EMAS
2021-07-02,869839.0,EMAS
2021-07-03,871730.0,EMAS
2021-07-04,871730.0,EMAS
2021-07-05,870835.0,EMAS
2021-07-06,877411.0,EMAS
2021-07-07,871685.0,EMAS
2021-07-08,871316.0,EMAS
2021-07-09,874733.0,EMAS
2021-07-10,874926.0,EMAS
2021-07-11,874926.0,EMAS
2021-07-12,870366.0,EMAS
2021-07-13,871102.0,EMAS
2021-07-14,877539.0,EMAS
2021-07-15,873560.0,EMAS
2021-07-16,870210.0,EMAS
2021-07-17,870306.0,EMAS
2021-07-18,870306.0,EMAS
2021-07-19,870344.0,EMAS
2021-07-20,875404.0,EMAS
2021-07-21,865416.0,EMAS
2021-07-22,858846.0,EMAS
2021-07-23,862481.0,EMAS
2021-07-24,868351.0,EMAS
2021-07-25,868351.0,EMAS
2021-07-26,868866.0,EMAS
2021-07-27,870126.0,EMAS
2021-07-28,867818.0,EMAS
2021-07-29,870775.0,EMAS
2021-07-30,867169.0,EMAS
2021-07-31,866350.0,EMAS
2021-08-01,866350.0,EMAS
2021-08-02,871022.0,EMAS
2021-08-03,863790.0,EMAS
2021-08-04,861197.0,EMAS
2021-08-05,860115.0,EMAS
2021-08-06,841219.0,EMAS
2021-08-07,840364.0,EMAS
2021-08-08,840364.0,EMAS
2021-08-09,827004.0,EMAS
2021-08-10,826132.0,EMAS
2021-08-11,835180.0,EMAS
2021-08-12,836418.0,EMAS
2021-08-13,848183.0,EMAS
2021-08-14,851374.0,EMAS
2021-08-15,851374.0,EMAS
2021-08-16,854330.0,EMAS
2021-08-17,851856.0,EMAS
2021-08-18,856584.0,EMAS
2021-08-19,859077.0,EMAS
2021-08-20,861492.0,EMAS
2021-08-21,861492.0,EMAS
2021-08-22,861492.0,EMAS
2021-08-23,867418.0,EMAS
2021-08-24,868525.0,EMAS
2021-08-25,860646.0,EMAS
2021-08-26,863257.0,EMAS
2021-08-27,868527.0,EMAS
2021-08-28,868530.0,EMAS
2021-08-29,868530.0,EMAS
2021-08-30,872748.0,EMAS
2021-08-31,866564.0,EMAS
2021-09-01,864627.0,EMAS
2021-09-02,864525.0,EMAS
2021-09-03,872771.0,EMAS
2021-09-04,871247.0,EMAS
2021-09-05,871247.0,EMAS
2021-09-06,866764.0,EMAS
2021-09-07,855209.0,EMAS
2021-09-08,847329.0,EMAS
2021-09-09,848221.0,EMAS
2021-09-10,849824.0,EMAS
2021-09-11,846529.0,EMAS
2021-09-12,846529.0,EMAS
2021-09-13,851455.0,EMAS
2021-09-14,855098.0,EMAS
2021-09-15,854086.0,EMAS
2021-09-16,837047.0,EMAS
2021-09-17,835803.0,EMAS
2021-09-18,834736.0,EMAS
2021-09-19,834736.0,EMAS
2021-09-20,836753.0,EMAS
2021-09-21,843560.0,EMAS
2021-09-22,846125.0,EMAS
2021-09-23,842109.0,EMAS
2021-09-24,834113.0,EMAS
2021-09-25,832959.0,EMAS
2021-09-26,832959.0,EMAS
2021-09-27,836132.0,EMAS
2021-09-28,828607.0,EMAS
2021-09-29,830243.0,EMAS
2021-09-30,832379.0,EMAS
2021-10-01,840786.0,EMAS
2021-10-02,841431.0,EMAS
2021-10-03,841431.0,EMAS
2021-10-04,842040.0,EMAS
2021-10-05,839211.0,EMAS
2021-10-06,839967.0,EMAS
2021-10-07,835600.0,EMAS
2021-10-08,835720.0,EMAS
2021-10-09,835248.0,EMAS
2021-10-10,835248.0,EMAS
2021-10-11,834939.0,EMAS
2021-10-12,836182.0,EMAS
2021-10-13,848744.0,EMAS
2021-10-14,848797.0,EMAS
2021-10-15,835201.0,EMAS
2021-10-16,832951.0,EMAS
2021-10-17,832951.0,EMAS
2021-10-18,836242.0,EMAS
2021-10-19,834785.0,EMAS
2021-10-20,838938.0,EMAS
2021-10-21,843067.0,EMAS
2021-10-22,842545.0,EMAS
2021-10-23,846118.0,EMAS
2021-10-24,846118.0,EMAS
2021-10-25,855345.0,EMAS
2021-10-26,846946.0,EMAS
2021-10-27,849553.0,EMAS
2021-10-28,851518.0,EMAS
2021-10-29,851436.0,EMAS
2021-10-30,851436.0,EMAS
2021-10-31,851436.0,EMAS
2021-11-01,852534.0,EMAS
2021-11-02,852616.0,EMAS
2021-11-03,843064.0,EMAS
2021-11-04,860386.0,EMAS
2021-11-05,860530.0,EMAS
2021-11-06,868353.0,EMAS
2021-11-07,868353.0,EMAS
2021-11-08,868183.0,EMAS
2021-11-09,870946.0,EMAS
2021-11-10,884178.0,EMAS
2021-11-11,886342.0,EMAS
2021-11-12,882433.0,EMAS
2021-11-13,885836.0,EMAS
2021-11-14,885836.0,EMAS
2021-11-15,885820.0,EMAS
2021-11-16,885554.0,EMAS
2021-11-17,886924.0,EMAS
2021-11-18,887692.0,EMAS
2021-11-19,884477.0,EMAS
2021-11-20,880311.0,EMAS
2021-11-21,880311.0,EMAS
2021-11-22,876272.0,EMAS
2021-11-23,852105.0,EMAS
2021-11-24,849652.0,EMAS
2021-11-25,854286.0,EMAS
2021-11-26,856120.0,EMAS
2021-11-27,856116.0,EMAS
2021-11-28,856116.0,EMAS
2021-11-29,854522.0,EMAS
2021-11-30,854509.0,EMAS
2021-12-01,856547.0,EMAS
2021-12-02,850419.0,EMAS
2021-12-03,851087.0,EMAS
2021-12-04,856756.0,EMAS
2021-12-05,856756.0,EMAS
2021-12-06,858244.0,EMAS
2021-12-07,856338.0,EMAS
2021-12-08,854117.0,EMAS
2021-12-09,852758.0,EMAS
2021-12-10,855761.0,EMAS
2021-12-11,854767.0,EMAS
2021-12-12,854767.0,EMAS
2021-12-13,856009.0,EMAS
2021-12-14,848749.0,EMAS
2021-12-15,847284.0,EMAS
2021-12-16,856446.0,EMAS
2021-12-17,866456.0,EMAS
2021-12-18,866459.0,EMAS
2021-12-19,866459.0,EMAS
2021-12-20,863554.0,EMAS
2021-12-21,857877.0,EMAS
2021-12-22,856222.0,EMAS
2021-12-23,859167.0,EMAS
2021-12-24,860311.0,EMAS
2021-12-25,860311.0,EMAS
2021-12-26,860311.0,EMAS
2021-12-27,859578.0,EMAS
2021-12-28,862891.0,EMAS
2021-12-29,857276.0,EMAS
2021-12-30,860269.0,EMAS
2021-12-31,859460.0,EMAS
2022-01-01,859460.0,EMAS
2022-01-02,859460.0,EMAS
2022-01-03,860407.0,EMAS
2022-01-04,866194.0,EMAS
2022-01-05,869848.0,EMAS
2022-01-06,860624.0,EMAS
2022-01-07,858792.0,EMAS
2022-01-08,858789.0,EMAS
2022-01-09,858789.0,EMAS
2022-01-10,857824.0,EMAS
2022-01-11,862123.0,EMAS
2022-01-12,869225.0,EMAS
2022-01-13,868995.0,EMAS
2022-01-14,869367.0,EMAS
2022-01-15,869367.0,EMAS
2022-01-16,869367.0,EMAS
2022-01-17,869575.0,EMAS
2022-01-18,867884.0,EMAS
2022-01-19,871757.0,EMAS
2022-01-20,881309.0,EMAS
2022-01-21,880799.0,EMAS
2022-01-22,875203.0,EMAS
2022-01-23,875203.0,EMAS
2022-01-24,880554.0,EMAS
2022-01-25,882080.0,EMAS
2022-01-26,886358.0,EMAS
2022-01-27,878174.0,EMAS
2022-01-28,859314.0,EMAS
2022-01-29,859310.0,EMAS
2022-01-30,859310.0,EMAS
2022-01-31,857874.0,EMAS
2022-02-01,857874.0,EMAS
2022-02-02,857874.0,EMAS
2022-02-03,857874.0,EMAS
2022-02-04,857874.0,EMAS
2022-02-05,857874.0,EMAS
2022-02-06,857874.0,EMAS
2022-02-07,857874.0,EMAS
2022-02-08,857874.0,EMAS
2022-02-09,857874.0,EMAS
2022-02-10,857874.0,EMAS
2022-02-11,857874.0,EMAS
2022-02-12,857874.0,EMAS
2022-02-13,857874.0,EMAS
2022-02-14,857874.0,EMAS
2022-02-15,857874.0,EMAS
2022-02-16,857874.0,EMAS
2022-02-17,857874.0,EMAS
2022-02-18,857874.0,EMAS
2022-02-19,857874.0,EMAS
2022-02-20,857874.0,EMAS
2022-02-21,857874.0,EMAS
2022-02-22,857874.0,EMAS
2022-02-23,857874.0,EMAS
2022-02-24,857874.0,EMAS
2022-02-25,857874.0,EMAS
2022-02-26,857874.0,EMAS
2022-02-27,857874.0,EMAS
2022-02-28,857874.0,EMAS
2022-03-01,912911.0,EMAS
2022-03-02,919538.0,EMAS
2022-03-03,919142.0,EMAS
2022-03-04,921037.0,EMAS
2022-03-05,935876.0,EMAS
2022-03-06,935876.0,EMAS
2022-03-07,942123.0,EMAS
2022-03-08,978409.0,EMAS
2022-03-09,948019.0,EMAS
2022-03-10,941515.0,EMAS
2022-03-11,937935.0,EMAS
2022-03-12,940812.0,EMAS
2022-03-13,940812.0,EMAS
2022-03-14,937104.0,EMAS
2022-03-15,920921.0,EMAS
2022-03-16,916984.0,EMAS
2022-03-17,926836.0,EMAS
2022-03-18,923161.0,EMAS
2022-03-19,921082.0,EMAS
2022-03-20,921082.0,EMAS
2022-03-21,918876.0,EMAS
2022-03-22,922526.0,EMAS
2022-03-23,918315.0,EMAS
2022-03-24,934237.0,EMAS
2022-03-25,935298.0,EMAS
2022-03-26,933111.0,EMAS
2022-03-27,933111.0,EMAS
2022-03-28,940870.0,EMAS
2022-03-29,930688.0,EMAS
2022-03-30,931272.0,EMAS
2022-03-31,933136.0,EMAS
2022-04-01,935028.0,EMAS
2022-04-02,934378.0,EMAS
2022-04-03,934378.0,EMAS
2022-04-04,934820.0,EMAS
2022-04-05,936458.0,EMAS
2022-04-06,930319.0,EMAS
2022-04-07,929744.0,EMAS
2022-04-08,933201.0,EMAS
2022-04-09,933236.0,EMAS
2022-04-10,933236.0,EMAS
2022-04-11,938390.0,EMAS
2022-04-12,942887.0,EMAS
2022-04-13,945872.0,EMAS
2022-04-14,947864.0,EMAS
2022-04-15,948254.0,EMAS
2022-04-16,948233.0,EMAS
2022-04-17,948233.0,EMAS
2022-04-18,952185.0,EMAS
2022-04-19,946386.0,EMAS
2022-04-20,940487.0,EMAS
2022-04-21,940505.0,EMAS
2022-04-22,938767.0,EMAS
2022-04-23,938394.0,EMAS
2022-04-24,938394.0,EMAS
2022-04-25,928345.0,EMAS
2022-04-26,924371.0,EMAS
2022-04-27,923982.0,EMAS
2022-04-28,920785.0,EMAS
2022-04-29,928303.0,EMAS
2022-04-30,923948.0,EMAS
2022-05-01,923948.0,EMAS
2022-05-02,920977.0,EMAS
2022-05-03,921173.0,EMAS
2022-05-04,922068.0,EMAS
2022-05-05,927197.0,EMAS
2022-05-06,924982.0,EMAS
2022-05-07,923967.0,EMAS
2022-05-08,923967.0,EMAS
2022-05-09,918811.0,EMAS
2022-05-10,917879.0,EMAS
2022-05-11,916307.0,EMAS
2022-05-12,915896.0,EMAS
2022-05-13,911924.0,EMAS
2022-05-14,911914.0,EMAS
2022-05-15,911914.0,EMAS
2022-05-16,909180.0,EMAS
2022-05-17,915577.0,EMAS
2022-05-18,913705.0,EMAS
2022-05-19,914700.0,EMAS
2022-05-20,922914.0,EMAS
2022-05-21,922931.0,EMAS
2022-05-22,922931.0,EMAS
2022-05-23,925331.0,EMAS
2022-05-24,927586.0,EMAS
2022-05-25,930320.0,EMAS
2022-05-26,927087.0,EMAS
2022-05-27,927843.0,EMAS
2022-05-28,927838.0,EMAS
2022-05-29,927838.0,EMAS
2022-05-30,927208.0,EMAS
2022-05-31,926862.0,EMAS
2022-06-01,924211.0,EMAS
2022-06-02,926123.0,EMAS
2022-06-03,923884.0,EMAS
2022-06-04,923541.0,EMAS
2022-06-05,923541.0,EMAS
2022-06-06,919407.0,EMAS
2022-06-07,915311.0,EMAS
2022-06-08,919931.0,EMAS
2022-06-09,919917.0,EMAS
2022-06-10,924111.0,EMAS
2022-06-11,925221.0,EMAS
2022-06-12,925221.0,EMAS
2022-06-13,929816.0,EMAS
2022-06-14,921617.0,EMAS
2022-06-15,924076.0,EMAS
2022-06-16,931796.0,EMAS
2022-06-17,936695.0,EMAS
2022-06-18,935278.0,EMAS
2022-06-19,935278.0,EMAS
2022-06-20,935920.0,EMAS
2022-06-21,936003.0,EMAS
2022-06-22,934288.0,EMAS
2022-06-23,936062.0,EMAS
2022-06-24,935358.0,EMAS
2022-06-25,935403.0,EMAS
2022-06-26,935403.0,EMAS
2022-06-27,934341.0,EMAS
2022-06-28,928580.0,EMAS
2022-06-29,928127.0,EMAS
2022-06-30,928720.0,EMAS
2022-07-01,924041.0,EMAS
2022-07-02,924795.0,EMAS
2022-07-03,924795.0,EMAS
2022-07-04,928500.0,EMAS
2022-07-05,925599.0,EMAS
2022-07-06,912750.0,EMAS
2022-07-07,914166.0,EMAS
2022-07-08,907087.0,EMAS
2022-07-09,906665.0,EMAS
2022-07-10,906665.0,EMAS
2022-07-11,907216.0,EMAS
2022-07-12,906472.0,EMAS
2022-07-13,902853.0,EMAS
2022-07-14,904678.0,EMAS
2022-07-15,899817.0,EMAS
2022-07-16,899801.0,EMAS
2022-07-17,899801.0,EMAS
2022-07-18,899919.0,EMAS
2022-07-19,899719.0,EMAS
2022-07-20,900041.0,EMAS
2022-07-21,896497.0,EMAS
2022-07-22,907308.0,EMAS
2022-07-23,907303.0,EMAS
2022-07-24,907303.0,EMAS
2022-07-25,910341.0,EMAS
2022-07-26,907479.0,EMAS
2022-07-27,907562.0,EMAS
2022-07-28,912997.0,EMAS
2022-07-29,914661.0,EMAS
2022-07-30,914634.0,EMAS
2022-07-31,914634.0,EMAS
2022-08-01,919074.0,EMAS
2022-08-02,923733.0,EMAS
2022-08-03,918156.0,EMAS
2022-08-04,923439.0,EMAS
2022-08-05,932046.0,EMAS
2022-08-06,931711.0,EMAS
2022-08-07,931711.0,EMAS
2022-08-08,926647.0,EMAS
2022-08-09,932823.0,EMAS
2022-08-10,930462.0,EMAS
2022-08-11,928866.0,EMAS
2022-08-12,925189.0,EMAS
2022-08-13,925635.0,EMAS
2022-08-14,925635.0,EMAS
2022-08-15,922292.0,EMAS
2022-08-16,916071.0,EMAS
2022-08-17,915597.0,EMAS
2022-08-18,911677.0,EMAS
2022-08-19,909405.0,EMAS
2022-08-20,909161.0,EMAS
2022-08-21,909161.0,EMAS
2022-08-22,905865.0,EMAS
2022-08-23,906238.0,EMAS
2022-08-24,908518.0,EMAS
2022-08-25,910796.0,EMAS
2022-08-26,909382.0,EMAS
2022-08-27,909012.0,EMAS
2022-08-28,909012.0,EMAS
2022-08-29,905184.0,EMAS
2022-08-30,906380.0,EMAS
2022-08-31,899799.0,EMAS
2022-09-01,891778.0,EMAS
2022-09-02,894236.0,EMAS
2022-09-03,894249.0,EMAS
2022-09-04,894249.0,EMAS
2022-09-05,897936.0,EMAS
2022-09-06,898170.0,EMAS
2022-09-07,892116.0,EMAS
2022-09-08,896248.0,EMAS
2022-09-09,901469.0,EMAS
2022-09-10,901520.0,EMAS
2022-09-11,901520.0,EMAS
2022-09-12,902264.0,EMAS
2022-09-13,903928.0,EMAS
2022-09-14,897705.0,EMAS
2022-09-15,892890.0,EMAS
2022-09-16,887455.0,EMAS
2022-09-17,887455.0,EMAS
2022-09-18,887455.0,EMAS
2022-09-19,894490.0,EMAS
2022-09-20,895495.0,EMAS
2022-09-21,890470.0,EMAS
2022-09-22,890470.0,EMAS
2022-09-23,892480.0,EMAS
2022-09-24,892480.0,EMAS
2022-09-25,892480.0,EMAS
2022-09-26,882430.0,EMAS
2022-09-27,880420.0,EMAS
2022-09-28,882430.0,EMAS
2022-09-29,890470.0,EMAS
2022-09-30,892480.0,EMAS
2022-10-01,892480.0,EMAS
2022-10-02,892480.0,EMAS
2022-10-03,892480.0,EMAS
2022-10-04,900388.0,EMAS
2022-10-05,907559.0,EMAS
2022-10-06,904199.0,EMAS
2022-10-07,904088.0,EMAS
2022-10-08,904158.0,EMAS
2022-10-09,904158.0,EMAS
2022-10-10,901291.0,EMAS
2022-10-11,891506.0,EMAS
2022-10-12,891928.0,EMAS
2022-10-13,897800.0,EMAS
2022-10-14,893128.0,EMAS
2022-10-15,893156.0,EMAS
2022-10-16,893156.0,EMAS
2022-10-17,888477.0,EMAS
2022-10-18,892563.0,EMAS
2022-10-19,892994.0,EMAS
2022-10-20,887611.0,EMAS
2022-10-21,890614.0,EMAS
2022-10-22,890478.0,EMAS
2022-10-23,890478.0,EMAS
2022-10-24,897977.0,EMAS
2022-10-25,894969.0,EMAS
2022-10-26,894445.0,EMAS
2022-10-27,898865.0,EMAS
2022-10-28,896679.0,EMAS
2022-10-29,896664.0,EMAS
2022-10-30,896664.0,EMAS
2022-10-31,891607.0,EMAS
2022-11-01,889220.0,EMAS
2022-11-02,895169.0,EMAS
2022-11-03,892168.0,EMAS
2022-11-04,892681.0,EMAS
2022-11-05,892684.0,EMAS
2022-11-06,892684.0,EMAS
2022-11-07,901303.0,EMAS
2022-11-08,901601.0,EMAS
2022-11-09,911147.0,EMAS
2022-11-10,911950.0,EMAS
2022-11-11,925222.0,EMAS
2022-11-12,925222.0,EMAS
2022-11-13,925222.0,EMAS
2022-11-14,923400.0,EMAS
2022-11-15,926438.0,EMAS
2022-11-16,935550.0,EMAS
2022-11-17,935550.0,EMAS
2022-11-18,934437.0,EMAS
2022-11-19,934446.0,EMAS
2022-11-20,934446.0,EMAS
2022-11-21,931385.0,EMAS
2022-11-22,922184.0,EMAS
2022-11-23,924260.0,EMAS
2022-11-24,927318.0,EMAS
2022-11-25,926363.0,EMAS
2022-11-26,926355.0,EMAS
2022-11-27,926355.0,EMAS
2022-11-28,926367.0,EMAS
2022-11-29,924313.0,EMAS
2022-11-30,927293.0,EMAS
2022-12-01,934216.0,EMAS
2022-12-02,944352.0,EMAS
2022-12-03,944313.0,EMAS
2022-12-04,944313.0,EMAS
2022-12-05,944333.0,EMAS
2022-12-06,931509.0,EMAS
2022-12-07,931496.0,EMAS
2022-12-08,941435.0,EMAS
2022-12-09,945413.0,EMAS
2022-12-10,945406.0,EMAS
2022-12-11,945406.0,EMAS
2022-12-12,945446.0,EMAS
2022-12-13,943397.0,EMAS
2022-12-14,952379.0,EMAS
2022-12-15,952405.0,EMAS
2022-12-16,946419.0,EMAS
2022-12-17,946424.0,EMAS
2022-12-18,946424.0,EMAS
2022-12-19,951371.0,EMAS
2022-12-20,950354.0,EMAS
2022-12-21,960432.0,EMAS
2022-12-22,959432.0,EMAS
2022-12-23,949346.0,EMAS
2022-12-24,949342.0,EMAS
2022-12-25,949342.0,EMAS
2022-12-26,951403.0,EMAS
2022-12-27,954401.0,EMAS
2022-12-28,961549.0,EMAS
2022-12-29,959437.0,EMAS
2022-12-30,964362.0,EMAS
2022-12-31,964380.0,EMAS
2023-01-01,964380.0,EMAS
2023-01-02,969372.0,EMAS
2023-01-03,970373.0,EMAS
2023-01-04,971548.0,EMAS
2023-01-05,976543.0,EMAS
2023-01-06,969608.0,EMAS
2023-01-07,969581.0,EMAS
2023-01-08,969581.0,EMAS
2023-01-09,980583.0,EMAS
2023-01-10,982564.0,EMAS
2023-01-11,982535.0,EMAS
2023-01-12,982439.0,EMAS
2023-01-13,987412.0,EMAS
2023-01-14,987394.0,EMAS
2023-01-15,987394.0,EMAS
2023-01-16,988539.0,EMAS
2023-01-17,979623.0,EMAS
2023-01-18,972508.0,EMAS
2023-01-19,977546.0,EMAS
2023-01-20,986442.0,EMAS
2023-01-21,986427.0,EMAS
2023-01-22,986427.0,EMAS
2023-01-23,986538.0,EMAS
2023-01-24,986483.0,EMAS
2023-01-25,986531.0,EMAS
2023-01-26,982563.0,EMAS
2023-01-27,977608.0,EMAS
2023-01-28,977601.0,EMAS
2023-01-29,977601.0,EMAS
2023-01-30,976493.0,EMAS
2023-01-31,975547.0,EMAS
2023-02-01,975547.0,EMAS
2023-02-02,975547.0,EMAS
2023-02-03,975547.0,EMAS
2023-02-04,975547.0,EMAS
2023-02-05,975547.0,EMAS
2023-02-06,975547.0,EMAS
2023-02-07,975547.0,EMAS
2023-02-08,975547.0,EMAS
2023-02-09,975547.0,EMAS
2023-02-10,975547.0,EMAS
2023-02-11,975547.0,EMAS
2023-02-12,975547.0,EMAS
2023-02-13,975547.0,EMAS
2023-02-14,975547.0,EMAS
2023-02-15,975547.0,EMAS
2023-02-16,975547.0,EMAS
2023-02-17,975547.0,EMAS
2023-02-18,975547.0,EMAS
2023-02-19,975547.0,EMAS
2023-02-20,975547.0,EMAS
2023-02-21,975547.0,EMAS
2023-02-22,975547.0,EMAS
2023-02-23,975547.0,EMAS
2023-02-24,975547.0,EMAS
2023-02-25,975547.0,EMAS
2023-02-26,975547.0,EMAS
2023-02-27,975547.0,EMAS
2023-02-28,975547.0,EMAS
2023-03-01,971233.0,EMAS
2023-03-02,974330.0,EMAS
2023-03-03,975277.0,EMAS
2023-03-04,975267.0,EMAS
2023-03-05,975267.0,EMAS
2023-03-06,981375.0,EMAS
2023-03-07,980363.0,EMAS
2023-03-08,968278.0,EMAS
2023-03-09,971330.0,EMAS
2023-03-10,980337.0,EMAS
2023-03-11,980341.0,EMAS
2023-03-12,980341.0,EMAS
2023-03-13,1001174.0,EMAS
2023-03-14,1002589.0,EMAS
2023-03-15,1001603.0,EMAS
2023-03-16,1010532.0,EMAS
2023-03-17,1004522.0,EMAS
2023-03-18,1004580.0,EMAS
2023-03-19,1004580.0,EMAS
2023-03-20,1029443.0,EMAS
2023-03-21,1029414.0,EMAS
2023-03-22,1029383.0,EMAS
2023-03-23,1029275.0,EMAS
2023-03-24,1027433.0,EMAS
2023-03-25,1027433.0,EMAS
2023-03-26,1027433.0,EMAS
2023-03-27,1032720.0,EMAS
2023-03-28,1024508.0,EMAS
2023-03-29,1028473.0,EMAS
2023-03-30,1019593.0,EMAS
2023-03-31,1025531.0,EMAS
2023-04-01,1025539.0,EMAS
2023-04-02,1025539.0,EMAS
2023-04-03,1011989.0,EMAS
2023-04-04,1023154.0,EMAS
2023-04-05,1029710.0,EMAS
2023-04-06,1025735.0,EMAS
2023-04-07,1025670.0,EMAS
2023-04-08,1025666.0,EMAS
2023-04-09,1025666.0,EMAS
2023-04-10,1023286.0,EMAS
2023-04-11,1020172.0,EMAS
2023-04-12,1018026.0,EMAS
2023-04-13,1018992.0,EMAS
2023-04-14,1029549.0,EMAS
2023-04-15,1029575.0,EMAS
2023-04-16,1029575.0,EMAS
2023-04-17,1013703.0,EMAS
2023-04-18,1005219.0,EMAS
2023-04-19,1012687.0,EMAS
2023-04-20,1012662.0,EMAS
2023-04-21,1012660.0,EMAS
2023-04-22,1012653.0,EMAS
2023-04-23,1012653.0,EMAS
2023-04-24,1012607.0,EMAS
2023-04-25,1015512.0,EMAS
2023-04-26,1012177.0,EMAS
2023-04-27,1009521.0,EMAS
2023-04-28,1012016.0,EMAS
2023-04-29,1012344.0,EMAS
2023-04-30,1012344.0,EMAS
2023-05-01,1012339.0,EMAS
2023-05-02,1003081.0,EMAS
2023-05-03,1014184.0,EMAS
2023-05-04,1027280.0,EMAS
2023-05-05,1027308.0,EMAS
2023-05-06,1027619.0,EMAS
2023-05-07,1027619.0,EMAS
2023-05-08,1012206.0,EMAS
2023-05-09,1014781.0,EMAS
2023-05-10,1023764.0,EMAS
2023-05-11,1023809.0,EMAS
2023-05-12,1015252.0,EMAS
2023-05-13,1015573.0,EMAS
2023-05-14,1015573.0,EMAS
2023-05-15,1015573.0,EMAS
2023-05-16,1012201.0,EMAS
2023-05-17,1006114.0,EMAS
2023-05-18,1008995.0,EMAS
2023-05-19,998241.0,EMAS
2023-05-20,998527.0,EMAS
2023-05-21,998527.0,EMAS
2023-05-22,1006130.0,EMAS
2023-05-23,1006124.0,EMAS
2023-05-24,1006149.0,EMAS
2023-05-25,999204.0,EMAS
2023-05-26,994228.0,EMAS
2023-05-27,994541.0,EMAS
2023-05-28,994541.0,EMAS
2023-05-29,998208.0,EMAS
2023-05-30,999211.0,EMAS
2023-05-31,1005205.0,EMAS
2023-06-01,1005480.0,EMAS
2023-06-02,1005126.0,EMAS
2023-06-03,1005449.0,EMAS
2023-06-04,1005449.0,EMAS
2023-06-05,1008130.0,EMAS
2023-06-06,1015128.0,EMAS
2023-06-07,1010986.0,EMAS
2023-06-08,1003028.0,EMAS
2023-06-09,1011979.0,EMAS
2023-06-10,1012298.0,EMAS
2023-06-11,1012298.0,EMAS
2023-06-12,1011956.0,EMAS
2023-06-13,1009941.0,EMAS
2023-06-14,1003992.0,EMAS
2023-06-15,1002999.0,EMAS
2023-06-16,1011050.0,EMAS
2023-06-17,1011342.0,EMAS
2023-06-18,1011342.0,EMAS
2023-06-19,1010451.0,EMAS
2023-06-20,1008369.0,EMAS
2023-06-21,1005321.0,EMAS
2023-06-22,1005309.0,EMAS
2023-06-23,998970.0,EMAS
2023-06-24,999240.0,EMAS
2023-06-25,999240.0,EMAS
2023-06-26,998409.0,EMAS
2023-06-27,1003851.0,EMAS
2023-06-28,1003832.0,EMAS
2023-06-29,1003831.0,EMAS
2023-06-30,1003873.0,EMAS
2023-07-01,1004215.0,EMAS
2023-07-02,1004215.0,EMAS
2023-07-03,1004935.0,EMAS
2023-07-04,1004924.0,EMAS
2023-07-05,1007936.0,EMAS
2023-07-06,1003917.0,EMAS
2023-07-07,1000996.0,EMAS
2023-07-08,1001329.0,EMAS
2023-07-09,1001329.0,EMAS
2023-07-10,1009027.0,EMAS
2023-07-11,1011459.0,EMAS
2023-07-12,1018414.0,EMAS
2023-07-13,1026761.0,EMAS
2023-07-14,1024769.0,EMAS
2023-07-15,1024490.0,EMAS
2023-07-16,1024490.0,EMAS
2023-07-17,1017817.0,EMAS
2023-07-18,1016925.0,EMAS
2023-07-19,1016944.0,EMAS
2023-07-20,1024889.0,EMAS
2023-07-21,1021862.0,EMAS
2023-07-22,1021553.0,EMAS
2023-07-23,1021553.0,EMAS
2023-07-24,1019466.0,EMAS
2023-07-25,1018443.0,EMAS
2023-07-26,1022486.0,EMAS
2023-07-27,1023379.0,EMAS
2023-07-28,1015517.0,EMAS
2023-07-29,1015523.0,EMAS
2023-07-30,1015523.0,EMAS
2023-07-31,1018568.0,EMAS
2023-08-01,1025445.0,EMAS
2023-08-02,1018493.0,EMAS
2023-08-03,1015446.0,EMAS
2023-08-04,1017462.0,EMAS
2023-08-05,1017450.0,EMAS
2023-08-06,1017450.0,EMAS
2023-08-07,1021429.0,EMAS
2023-08-08,1017439.0,EMAS
2023-08-09,1013413.0,EMAS
2023-08-10,1012402.0,EMAS
2023-08-11,1010483.0,EMAS
2023-08-12,1010463.0,EMAS
2023-08-13,1010463.0,EMAS
2023-08-14,1008443.0,EMAS
2023-08-15,1007428.0,EMAS
2023-08-16,1010409.0,EMAS
2023-08-17,1010388.0,EMAS
2023-08-18,1007387.0,EMAS
2023-08-19,1007356.0,EMAS
2023-08-20,1007356.0,EMAS
2023-08-21,1004378.0,EMAS
2023-08-22,1005385.0,EMAS
2023-08-23,1009472.0,EMAS
2023-08-24,1016405.0,EMAS
2023-08-25,1016432.0,EMAS
2023-08-26,1016415.0,EMAS
2023-08-27,1016415.0,EMAS
2023-08-28,1012442.0,EMAS
2023-08-29,1017424.0,EMAS
2023-08-30,1024476.0,EMAS
2023-08-31,1026472.0,EMAS
2023-09-01,1023475.0,EMAS
2023-09-02,1023497.0,EMAS
2023-09-03,1023497.0,EMAS
2023-09-04,1026048.0,EMAS
2023-09-05,1025046.0,EMAS
2023-09-06,1019055.0,EMAS
2023-09-07,1014062.0,EMAS
2023-09-08,1018116.0,EMAS
2023-09-09,1018385.0,EMAS
2023-09-10,1018385.0,EMAS
2023-09-11,1020091.0,EMAS
2023-09-12,1020014.0,EMAS
2023-09-13,1017033.0,EMAS
2023-09-14,1015010.0,EMAS
2023-09-15,1017107.0,EMAS
2023-09-16,1017417.0,EMAS
2023-09-17,1017417.0,EMAS
2023-09-18,1024088.0,EMAS
2023-09-19,1030131.0,EMAS
2023-09-20,1029130.0,EMAS
2023-09-21,1023859.0,EMAS
2023-09-22,1020913.0,EMAS
2023-09-23,1020594.0,EMAS
2023-09-24,1020594.0,EMAS
2023-09-25,1020919.0,EMAS
2023-09-26,1014925.0,EMAS
2023-09-27,1008911.0,EMAS
2023-09-28,1008844.0,EMAS
2023-09-29,999398.0,EMAS
2023-09-30,1002151.0,EMAS
2023-10-01,1002151.0,EMAS
2023-10-02,997809.0,EMAS
2023-10-03,987829.0,EMAS
2023-10-04,988789.0,EMAS
2023-10-05,991790.0,EMAS
2023-10-06,991828.0,EMAS
2023-10-07,992171.0,EMAS
2023-10-08,992171.0,EMAS
2023-10-09,991958.0,EMAS
2023-10-10,1011009.0,EMAS
2023-10-11,1011044.0,EMAS
2023-10-12,1020058.0,EMAS
2023-10-13,1020232.0,EMAS
2023-10-14,1020644.0,EMAS
2023-10-15,1020644.0,EMAS
2023-10-16,1032243.0,EMAS
2023-10-17,1028704.0,EMAS
2023-10-18,1029264.0,EMAS
2023-10-19,1036242.0,EMAS
2023-10-20,1047342.0,EMAS
2023-10-21,1046995.0,EMAS
2023-10-22,1046995.0,EMAS
2023-10-23,1047305.0,EMAS
2023-10-24,1047206.0,EMAS
2023-10-25,1047323.0,EMAS
2023-10-26,1047319.0,EMAS
2023-10-27,1047335.0,EMAS
2023-10-28,1047089.0,EMAS
2023-10-29,1047089.0,EMAS
2023-10-30,1052352.0,EMAS
2023-10-31,1052389.0,EMAS
2023-11-01,1052332.0,EMAS
2023-11-02,1052264.0,EMAS
2023-11-03,1047237.0,EMAS
2023-11-04,1046900.0,EMAS
2023-11-05,1046900.0,EMAS
2023-11-06,1047105.0,EMAS
2023-11-07,1042114.0,EMAS
2023-11-08,1037115.0,EMAS
2023-11-09,1030164.0,EMAS
2023-11-10,1035090.0,EMAS
2023-11-11,1034736.0,EMAS
2023-11-12,1034736.0,EMAS
2023-11-13,1027110.0,EMAS
2023-11-14,1032145.0,EMAS
2023-11-15,1037041.0,EMAS
2023-11-16,1037174.0,EMAS
2023-11-17,1038083.0,EMAS
2023-11-18,1037776.0,EMAS
2023-11-19,1037776.0,EMAS
2023-11-20,1040028.0,EMAS
2023-11-21,1038242.0,EMAS
2023-11-22,1040288.0,EMAS
2023-11-23,1038229.0,EMAS
2023-11-24,1047193.0,EMAS
2023-11-25,1046865.0,EMAS
2023-11-26,1046865.0,EMAS
2023-11-27,1052182.0,EMAS
2023-11-28,1054218.0,EMAS
2023-11-29,1062240.0,EMAS
2023-11-30,1062281.0,EMAS
2023-12-01,1058299.0,EMAS
2023-12-02,1058069.0,EMAS
2023-12-03,1058069.0,EMAS
2023-12-04,1077191.0,EMAS
2023-12-05,1065100.0,EMAS
2023-12-06,1053259.0,EMAS
2023-12-07,1059225.0,EMAS
2023-12-08,1059167.0,EMAS
2023-12-09,1058799.0,EMAS
2023-12-10,1058799.0,EMAS
2023-12-11,1050180.0,EMAS
2023-12-12,1036220.0,EMAS
2023-12-13,1042179.0,EMAS
2023-12-14,1067208.0,EMAS
2023-12-15,1068206.0,EMAS
2023-12-16,1067809.0,EMAS
2023-12-17,1067809.0,EMAS
2023-12-18,1056219.0,EMAS
2023-12-19,1060268.0,EMAS
2023-12-20,1067207.0,EMAS
2023-12-21,1063227.0,EMAS
2023-12-22,1070302.0,EMAS
2023-12-23,1069941.0,EMAS
2023-12-24,1069941.0,EMAS
2023-12-25,1069926.0,EMAS
2023-12-26,1080149.0,EMAS
2023-12-27,1080202.0,EMAS
2023-12-28,1083254.0,EMAS
2023-12-29,1073235.0,EMAS
2023-12-30,1072898.0,EMAS
2023-12-31,1072898.0,EMAS
2024-01-01,1072905.0,EMAS
2024-01-02,1072304.0,EMAS
2024-01-03,1072229.0,EMAS
2024-01-04,1066255.0,EMAS
2024-01-05,1068283.0,EMAS
2024-01-06,1067937.0,EMAS
2024-01-07,1067937.0,EMAS
2024-01-08,1070135.0,EMAS
2024-01-09,1070135.0,EMAS
2024-01-10,1063220.0,EMAS
2024-01-11,1062241.0,EMAS
2024-01-12,1067307.0,EMAS
2024-01-13,1066964.0,EMAS
2024-01-14,1066964.0,EMAS
2024-01-15,1073269.0,EMAS
2024-01-16,1076220.0,EMAS
2024-01-17,1064188.0,EMAS
2024-01-18,1058230.0,EMAS
2024-01-19,1068226.0,EMAS
2024-01-20,1067890.0,EMAS
2024-01-21,1067890.0,EMAS
2024-01-22,1069218.0,EMAS
2024-01-23,1067265.0,EMAS
2024-01-24,1070247.0,EMAS
2024-01-25,1066360.0,EMAS
2024-01-26,1072246.0,EMAS
2024-01-27,1071914.0,EMAS
2024-01-28,1071914.0,EMAS
2024-01-29,1080744.0,EMAS
2024-01-30,1084278.0,EMAS
2024-01-31,1086292.0,EMAS
2024-02-01,1086292.0,EMAS
2024-02-02,1086292.0,EMAS
2024-02-03,1086292.0,EMAS
2024-02-04,1086292.0,EMAS
2024-02-05,1086292.0,EMAS
2024-02-06,1086292.0,EMAS
2024-02-07,1086292.0,EMAS
2024-02-08,1086292.0,EMAS
2024-02-09,1086292.0,EMAS
2024-02-10,1086292.0,EMAS
2024-02-11,1086292.0,EMAS
2024-02-12,1086292.0,EMAS
2024-02-13,1086292.0,EMAS
2024-02-14,1086292.0,EMAS
2024-02-15,1086292.0,EMAS
2024-02-16,1086292.0,EMAS
2024-02-17,1086292.0,EMAS
2024-02-18,1086292.0,EMAS
2024-02-19,1086292.0,EMAS
2024-02-20,1086292.0,EMAS
2024-02-21,1086292.0,EMAS
2024-02-22,1086292.0,EMAS
2024-02-23,1086292.0,EMAS
2024-02-24,1086292.0,EMAS
2024-02-25,1086292.0,EMAS
2024-02-26,1086292.0,EMAS
2024-02-27,1086292.0,EMAS
2024-02-28,1086292.0,EMAS
2024-02-29,1086292.0,EMAS
2024-03-01,1084298.0,EMAS
2024-03-02,1084130.0,EMAS
2024-03-03,1084130.0,EMAS
2024-03-04,1106381.0,EMAS
2024-03-05,1121454.0,EMAS
2024-03-06,1128389.0,EMAS
2024-03-07,1141326.0,EMAS
2024-03-08,1145293.0,EMAS
2024-03-09,1144998.0,EMAS
2024-03-10,1144998.0,EMAS
2024-03-11,1145347.0,EMAS
2024-03-12,1152217.0,EMAS
2024-03-13,1142348.0,EMAS
2024-03-14,1145325.0,EMAS
2024-03-15,1135418.0,EMAS
2024-03-16,1135054.0,EMAS
2024-03-17,1135054.0,EMAS
2024-03-18,1135450.0,EMAS
2024-03-19,1142394.0,EMAS
2024-03-20,1142402.0,EMAS
2024-03-21,1162327.0,EMAS
2024-03-22,1152467.0,EMAS
2024-03-23,1152065.0,EMAS
2024-03-24,1152065.0,EMAS
2024-03-25,1145521.0,EMAS
2024-03-26,1155476.0,EMAS
2024-03-27,1159574.0,EMAS
2024-03-28,1167572.0,EMAS
2024-03-29,1167669.0,EMAS
2024-03-30,1170992.0,EMAS
2024-03-31,1170992.0,EMAS
2024-04-01,1201618.0,EMAS
2024-04-02,1203757.0,EMAS
2024-04-03,1221803.0,EMAS
2024-04-04,1230773.0,EMAS
2024-04-05,1227848.0,EMAS
2024-04-06,1228358.0,EMAS
2024-04-07,1228358.0,EMAS
2024-04-08,1227973.0,EMAS
2024-04-09,1228102.0,EMAS
2024-04-10,1228076.0,EMAS
2024-04-11,1228157.0,EMAS
2024-04-12,1228584.0,EMAS
2024-04-13,1228683.0,EMAS
2024-04-14,1228683.0,EMAS
2024-04-15,1269139.0,EMAS
2024-04-16,1271403.0,EMAS
2024-04-17,1271482.0,EMAS
2024-04-18,1284375.0,EMAS
2024-04-19,1293238.0,EMAS
2024-04-20,1293706.0,EMAS
2024-04-21,1293706.0,EMAS
2024-04-22,1291670.0,EMAS
2024-04-23,1273986.0,EMAS
2024-04-24,1269076.0,EMAS
2024-04-25,1268093.0,EMAS
2024-04-26,1268213.0,EMAS
2024-04-27,1268595.0,EMAS
2024-04-28,1268595.0,EMAS
2024-04-29,1274172.0,EMAS
2024-04-30,1273050.0,EMAS
2024-05-01,1273402.0,EMAS
2024-05-02,1275895.0,EMAS
2024-05-03,1266787.0,EMAS
2024-05-04,1267213.0,EMAS
2024-05-05,1267213.0,EMAS
2024-05-06,1259031.0,EMAS
2024-05-07,1265969.0,EMAS
2024-05-08,1256960.0,EMAS
2024-05-09,1257408.0,EMAS
2024-05-10,1276205.0,EMAS
2024-05-11,1276613.0,EMAS
2024-05-12,1276613.0,EMAS
2024-05-13,1281113.0,EMAS
2024-05-14,1273184.0,EMAS
2024-05-15,1280104.0,EMAS
2024-05-16,1302092.0,EMAS
2024-05-17,1291290.0,EMAS
2024-05-18,1291723.0,EMAS
2024-05-19,1291723.0,EMAS
2024-05-20,1298379.0,EMAS
2024-05-21,1306391.0,EMAS
2024-05-22,1305342.0,EMAS
2024-05-23,1305092.0,EMAS
2024-05-24,1274069.0,EMAS
2024-05-25,1274400.0,EMAS
2024-05-26,1274400.0,EMAS
2024-05-27,1276158.0,EMAS
2024-05-28,1281140.0,EMAS
2024-05-29,1286194.0,EMAS
2024-05-30,1278230.0,EMAS
2024-05-31,1286211.0,EMAS
2024-06-01,1286501.0,EMAS
2024-06-02,1286501.0,EMAS
2024-06-03,1283155.0,EMAS
2024-06-04,1297125.0,EMAS
2024-06-05,1285247.0,EMAS
2024-06-06,1297273.0,EMAS
2024-06-07,1312966.0,EMAS
2024-06-08,1313358.0,EMAS
2024-06-09,1313358.0,EMAS
2024-06-10,1278064.0,EMAS
2024-06-11,1279112.0,EMAS
2024-06-12,1287091.0,EMAS
2024-06-13,1290030.0,EMAS
2024-06-14,1282321.0,EMAS
2024-06-15,1282725.0,EMAS
2024-06-16,1282725.0,EMAS
2024-06-17,1282258.0,EMAS
2024-06-18,1290210.0,EMAS
2024-06-19,1297191.0,EMAS
2024-06-20,1303377.0,EMAS
2024-06-21,1319273.0,EMAS
2024-06-22,1319552.0,EMAS
2024-06-23,1319552.0,EMAS
2024-06-24,1308144.0,EMAS
2024-06-25,1314137.0,EMAS
2024-06-26,1309031.0,EMAS
2024-06-27,1298156.0,EMAS
2024-06-28,1308148.0,EMAS
2024-06-29,1308529.0,EMAS
2024-06-30,1308529.0,EMAS
2024-07-01,1311141.0,EMAS
2024-07-02,1316149.0,EMAS
2024-07-03,1313303.0,EMAS
2024-07-04,1326253.0,EMAS
2024-07-05,1329321.0,EMAS
2024-07-06,1329730.0,EMAS
2024-07-07,1329730.0,EMAS
2024-07-08,1344236.0,EMAS
2024-07-09,1337212.0,EMAS
2024-07-10,1328281.0,EMAS
2024-07-11,1334290.0,EMAS
2024-07-12,1347257.0,EMAS
2024-07-13,1347735.0,EMAS
2024-07-14,1347735.0,EMAS
2024-07-15,1347393.0,EMAS
2024-07-16,1351520.0,EMAS
2024-07-17,1365647.0,EMAS
2024-07-18,1374550.0,EMAS
2024-07-19,1367271.0,EMAS
2024-07-20,1367671.0,EMAS
2024-07-21,1367671.0,EMAS
2024-07-22,1352268.0,EMAS
2024-07-23,1352327.0,EMAS
2024-07-24,1355419.0,EMAS
2024-07-25,1349038.0,EMAS
2024-07-26,1335165.0,EMAS
2024-07-27,1335534.0,EMAS
2024-07-28,1335534.0,EMAS
2024-07-29,1359447.0,EMAS
2024-07-30,1358349.0,EMAS
2024-07-31,1368455.0,EMAS
2024-08-01,1384567.0,EMAS
2024-08-02,1380552.0,EMAS
2024-08-03,1380760.0,EMAS
2024-08-04,1380760.0,EMAS
2024-08-05,1371185.0,EMAS
2024-08-06,1366190.0,EMAS
2024-08-07,1357148.0,EMAS
2024-08-08,1357162.0,EMAS
2024-08-09,1368193.0,EMAS
2024-08-10,1368624.0,EMAS
2024-08-11,1368624.0,EMAS
2024-08-12,1359362.0,EMAS
2024-08-13,1377314.0,EMAS
2024-08-14,1374038.0,EMAS
2024-08-15,1369136.0,EMAS
2024-08-16,1361359.0,EMAS
2024-08-17,1361786.0,EMAS
2024-08-18,1361786.0,EMAS
2024-08-19,1373244.0,EMAS
2024-08-20,1373308.0,EMAS
2024-08-21,1369190.0,EMAS
2024-08-22,1364271.0,EMAS
2024-08-23,1357318.0,EMAS
2024-08-24,1357643.0,EMAS
2024-08-25,1357643.0,EMAS
2024-08-26,1369246.0,EMAS
2024-08-27,1369301.0,EMAS
2024-08-28,1364208.0,EMAS
2024-08-29,1366257.0,EMAS
2024-08-30,1367288.0,EMAS
2024-08-31,1367652.0,EMAS
2024-09-01,1367652.0,EMAS
2024-09-02,1360283.0,EMAS
2024-09-03,1363139.0,EMAS
2024-09-04,1365176.0,EMAS
2024-09-05,1368174.0,EMAS
2024-09-06,1371193.0,EMAS
2024-09-07,1371560.0,EMAS
2024-09-08,1371560.0,EMAS
2024-09-09,1357207.0,EMAS
2024-09-10,1358255.0,EMAS
2024-09-11,1369180.0,EMAS
2024-09-12,1367384.0,EMAS
2024-09-13,1381459.0,EMAS
2024-09-14,1381924.0,EMAS
2024-09-15,1381924.0,EMAS
2024-09-16,1381513.0,EMAS
2024-09-17,1394407.0,EMAS
2024-09-18,1391331.0,EMAS
2024-09-19,1384317.0,EMAS
2024-09-20,1391434.0,EMAS
2024-09-21,1391905.0,EMAS
2024-09-22,1391905.0,EMAS
2024-09-23,1406524.0,EMAS
2024-09-24,1394535.0,EMAS
2024-09-25,1411600.0,EMAS
2024-09-26,1411602.0,EMAS
2024-09-27,1412590.0,EMAS
2024-09-28,1412940.0,EMAS
2024-09-29,1412940.0,EMAS
2024-09-30,1414498.0,EMAS
2024-10-01,1403756.0,EMAS
2024-10-02,1414718.0,EMAS
2024-10-03,1419813.0,EMAS
2024-10-04,1422963.0,EMAS
2024-10-05,1423376.0,EMAS
2024-10-06,1423376.0,EMAS
2024-10-07,1429635.0,EMAS
2024-10-08,1432889.0,EMAS
2024-10-09,1432749.0,EMAS
2024-10-10,1424822.0,EMAS
2024-10-11,1432584.0,EMAS
2024-10-12,1433063.0,EMAS
2024-10-13,1433063.0,EMAS
2024-10-14,1440889.0,EMAS
2024-10-15,1439810.0,EMAS
2024-10-16,1442908.0,EMAS
2024-10-17,1448014.0,EMAS
2024-10-18,1455066.0,EMAS
2024-10-19,1455509.0,EMAS
2024-10-20,1455509.0,EMAS
2024-10-21,1458769.0,EMAS
2024-10-22,1455836.0,EMAS
2024-10-23,1467842.0,EMAS
2024-10-24,1461805.0,EMAS
2024-10-25,1473757.0,EMAS
2024-10-26,1473427.0,EMAS
2024-10-27,1473427.0,EMAS
2024-10-28,1478835.0,EMAS
2024-10-29,1486951.0,EMAS
2024-10-30,1511738.0,EMAS
2024-10-31,1518503.0,EMAS
2024-11-01,1503719.0,EMAS
2024-11-02,1503271.0,EMAS
2024-11-03,1503271.0,EMAS
2024-11-04,1500726.0,EMAS
2024-11-05,1500707.0,EMAS
2024-11-06,1504320.0,EMAS
2024-11-07,1477493.0,EMAS
2024-11-08,1490394.0,EMAS
2024-11-09,1489957.0,EMAS
2024-11-10,1489957.0,EMAS
2024-11-11,1483224.0,EMAS
2024-11-12,1452378.0,EMAS
2024-11-13,1462271.0,EMAS
2024-11-14,1442337.0,EMAS
2024-11-15,1446379.0,EMAS
2024-11-16,1445881.0,EMAS
2024-11-17,1445881.0,EMAS
2024-11-18,1442515.0,EMAS
2024-11-19,1453538.0,EMAS
2024-11-20,1439786.0,EMAS
2024-11-21,1471623.0,EMAS
2024-11-22,1481736.0,EMAS
2024-11-23,1481381.0,EMAS
2024-11-24,1481381.0,EMAS
2024-11-25,1495276.0,EMAS
2024-11-26,1471434.0,EMAS
2024-11-27,1471524.0,EMAS
2024-11-28,1478430.0,EMAS
2024-11-29,1474510.0,EMAS
2024-11-30,1474054.0,EMAS
2024-12-01,1474054.0,EMAS
2024-12-02,1472537.0,EMAS
2024-12-03,1477532.0,EMAS
2024-12-04,1475570.0,EMAS
2024-12-05,1484363.0,EMAS
2024-12-06,1484337.0,EMAS
2024-12-07,1483925.0,EMAS
2024-12-08,1483925.0,EMAS
2024-12-09,1464711.0,EMAS
2024-12-10,1478687.0,EMAS
2024-12-11,1494722.0,EMAS
2024-12-12,1508511.0,EMAS
2024-12-13,1491562.0,EMAS
2024-12-14,1491087.0,EMAS
2024-12-15,1491087.0,EMAS
2024-12-16,1476660.0,EMAS
2024-12-17,1479629.0,EMAS
2024-12-18,1479629.0,EMAS
2024-12-19,1463676.0,EMAS
2024-12-20,1474646.0,EMAS
2024-12-21,1474215.0,EMAS
2024-12-22,1474215.0,EMAS
2024-12-23,1486519.0,EMAS
2024-12-24,1476586.0,EMAS
2024-12-25,1476146.0,EMAS
2024-12-26,1476685.0,EMAS
2024-12-27,1488511.0,EMAS
2024-12-28,1488075.0,EMAS
2024-12-29,1488075.0,EMAS
2024-12-30,1488491.0,EMAS
2024-12-31,1488050.0,EMAS
2025-01-01,1488127.0,EMAS
2025-01-02,1484737.0,EMAS
2025-01-03,1498615.0,EMAS
2025-01-04,1498119.0,EMAS
2025-01-05,1498119.0,EMAS
2025-01-06,1495505.0,EMAS
2025-01-07,1489687.0,EMAS
2025-01-08,1494738.0,EMAS
2025-01-09,1499725.0,EMAS
2025-01-10,1506789.0,EMAS
2025-01-11,1506358.0,EMAS
2025-01-12,1506358.0,EMAS
2025-01-13,1518659.0,EMAS
2025-01-14,1509699.0,EMAS
2025-01-15,1512811.0,EMAS
2025-01-16,1525943.0,EMAS
2025-01-17,1538789.0,EMAS
2025-01-18,1538296.0,EMAS
2025-01-19,1538296.0,EMAS
2025-01-20,1529741.0,EMAS
2025-01-21,1534935.0,EMAS
2025-01-22,1549817.0,EMAS
2025-01-23,1550752.0,EMAS
2025-01-24,1551836.0,EMAS
2025-01-25,1551375.0,EMAS
2025-01-26,1551375.0,EMAS
2025-01-27,1551712.0,EMAS
2025-01-28,1551792.0,EMAS
2025-01-29,1551384.0,EMAS
2025-01-30,1551993.0,EMAS
2025-01-31,1552181.0,EMAS
2025-02-01,1552181.0,EMAS
2025-02-02,1552181.0,EMAS
2025-02-03,1552181.0,EMAS
2025-02-04,1552181.0,EMAS
2025-02-05,1552181.0,EMAS
2025-02-06,1552181.0,EMAS
2025-02-07,1552181.0,EMAS
2025-02-08,1552181.0,EMAS
2025-02-09,1552181.0,EMAS
2025-02-10,1552181.0,EMAS
2025-02-11,1552181.0,EMAS
2025-02-12,1552181.0,EMAS
2025-02-13,1552181.0,EMAS
2025-02-14,1552181.0,EMAS
2025-02-15,1552181.0,EMAS
2025-02-16,1552181.0,EMAS
2025-02-17,1552181.0,EMAS
2025-02-18,1552181.0,EMAS
2025-02-19,1552181.0,EMAS
2025-02-20,1552181.0,EMAS
2025-02-21,1552181.0,EMAS
2025-02-22,1552181.0,EMAS
2025-02-23,1552181.0,EMAS
2025-02-24,1552181.0,EMAS
2025-02-25,1552181.0,EMAS
2025-02-26,1552181.0,EMAS
2025-02-27,1552181.0,EMAS
2025-02-28,1552181.0,EMAS
2025-03-01,1647776.0,EMAS
2025-03-02,1647776.0,EMAS
2025-03-03,1648342.0,EMAS
2025-03-04,1665407.0,EMAS
2025-03-05,1670145.0,EMAS
2025-03-06,1666926.0,EMAS
2025-03-07,1654794.0,EMAS
2025-03-08,1655014.0,EMAS
2025-03-09,1655014.0,EMAS
2025-03-10,1657218.0,EMAS
2025-03-11,1643464.0,EMAS
2025-03-12,1665479.0,EMAS
2025-03-13,1676723.0,EMAS
2025-03-14,1700448.0,EMAS
2025-03-15,1700924.0,EMAS
2025-03-16,1700924.0,EMAS
2025-03-17,1696763.0,EMAS
2025-03-18,1701553.0,EMAS
2025-03-19,1716543.0,EMAS
2025-03-20,1731943.0,EMAS
2025-03-21,1736198.0,EMAS
2025-03-22,1736627.0,EMAS
2025-03-23,1736627.0,EMAS
2025-03-24,1720885.0,EMAS
2025-03-25,1714920.0,EMAS
2025-03-26,1727939.0,EMAS
2025-03-27,1735883.0,EMAS
2025-03-28,1758027.0,EMAS
2025-03-29,1758948.0,EMAS
2025-03-30,1758948.0,EMAS
2025-03-31,1758887.0,EMAS
2025-04-01,1759857.0,EMAS
2025-04-02,1758762.0,EMAS
2025-04-03,1857646.0,EMAS
2025-04-04,1873170.0,EMAS
2025-04-05,1872629.0,EMAS
2025-04-06,1872629.0,EMAS
2025-04-07,1870233.0,EMAS
2025-04-08,1725931.0,EMAS
2025-04-09,1750178.0,EMAS
2025-04-10,1809968.0,EMAS
2025-04-11,1856112.0,EMAS
2025-04-12,1856869.0,EMAS
2025-04-13,1856869.0,EMAS
2025-04-14,1868793.0,EMAS
2025-04-15,1866349.0,EMAS
2025-04-16,1927332.0,EMAS
2025-04-17,1991959.0,EMAS
2025-04-18,1992009.0,EMAS
2025-04-19,1992025.0,EMAS
2025-04-20,1992025.0,EMAS
2025-04-21,2022092.0,EMAS
2025-04-22,2059904.0,EMAS
2025-04-23,2049393.0,EMAS
2025-04-24,2047664.0,EMAS
2025-04-25,2017658.0,EMAS
2025-04-26,2017125.0,EMAS
2025-04-27,2017125.0,EMAS
2025-04-28,1968129.0,EMAS
2025-04-29,1959207.0,EMAS
2025-04-30,1948151.0,EMAS
2025-05-01,1947086.0,EMAS
2025-05-02,1878162.0,EMAS
2025-05-03,1877481.0,EMAS
2025-05-04,1877481.0,EMAS
2025-05-05,1870567.0,EMAS
2025-05-06,1897811.0,EMAS
2025-05-07,1918730.0,EMAS
2025-05-08,1911532.0,EMAS
2025-05-09,1887583.0,EMAS
2025-05-10,1887097.0,EMAS
2025-05-11,1887097.0,EMAS
2025-05-12,1887104.0,EMAS
2025-05-13,1867209.0,EMAS
2025-05-14,1837283.0,EMAS
2025-05-15,1813442.0,EMAS
2025-05-16,1837102.0,EMAS
2025-05-17,1836592.0,EMAS
2025-05-18,1836592.0,EMAS
2025-05-19,1840319.0,EMAS
2025-05-20,1817679.0,EMAS
2025-05-21,1840675.0,EMAS
2025-05-22,1867296.0,EMAS
2025-05-23,1867474.0,EMAS
2025-05-24,1867039.0,EMAS
2025-05-25,1867039.0,EMAS
2025-05-26,1862549.0,EMAS
2025-05-27,1865292.0,EMAS
2025-05-28,1837637.0,EMAS
2025-05-29,1837121.0,EMAS
2025-05-30,1837469.0,EMAS
2025-05-31,1837001.0,EMAS
2025-06-01,1837001.0,EMAS
2025-06-02,1847844.0,EMAS
2025-06-03,1882486.0,EMAS
2025-06-04,1866650.0,EMAS
2025-06-05,1880661.0,EMAS
2025-06-06,1880480.0,EMAS
2025-06-07,1879798.0,EMAS
2025-06-08,1879798.0,EMAS
2025-06-09,1880346.0,EMAS
2025-06-10,1851677.0,EMAS
2025-06-11,1852607.0,EMAS
2025-06-12,1870767.0,EMAS
2025-06-13,1898851.0,EMAS
2025-06-14,1898240.0,EMAS
2025-06-15,1898240.0,EMAS
2025-06-16,1920296.0,EMAS
2025-06-17,1905241.0,EMAS
2025-06-18,1898292.0,EMAS
2025-06-19,1892301.0,EMAS
2025-06-20,1890300.0,EMAS
2025-06-21,1890865.0,EMAS
2025-06-22,1890865.0,EMAS
2025-06-23,1890442.0,EMAS
2025-06-24,1885879.0,EMAS
2025-06-25,1892881.0,EMAS
2025-06-26,1920030.0,EMAS
2025-06-27,1930574.0,EMAS
2025-06-28,1934551.0,EMAS
2025-06-29,1934551.0,EMAS
2025-06-30,1822488.0,EMAS
2025-07-01,1902213.0,EMAS
2025-07-02,1920252.0,EMAS
2025-07-03,1917126.0,EMAS
2025-07-04,1911149.0,EMAS
2025-07-05,1921644.0,EMAS
2025-07-06,1921644.0,EMAS
2025-07-07,1904149.0,EMAS
2025-07-08,1909985.0,EMAS
2025-07-09,1897119.0,EMAS
2025-07-10,1891519.0,EMAS
2025-07-11,1891519.0,EMAS
2025-07-12,1913995.0,EMAS
2025-07-13,1913995.0,EMAS
2025-07-14,1910308.0,EMAS
2025-07-15,1910999.0,EMAS
2025-07-16,1911103.0,EMAS
2025-07-17,1906399.0,EMAS
2025-07-18,1904450.0,EMAS
2025-07-19,1913568.0,EMAS
2025-07-20,1913568.0,EMAS
2025-07-21,1911667.0,EMAS
2025-07-22,1924725.0,EMAS
2025-07-23,1936448.0,EMAS
2025-07-24,1911495.0,EMAS
2025-07-25,1897388.0,EMAS
2025-07-26,1906539.0,EMAS
2025-07-27,1906539.0,EMAS
2025-07-28,1884450.0,EMAS
2025-07-29,1892162.0,EMAS
2025-07-30,1903967.0,EMAS
2025-07-31,1899076.0,EMAS
2025-08-01,1899406.0,EMAS
2025-08-02,1908642.0,EMAS
2025-08-03,1908642.0,EMAS
2025-08-04,1930365.0,EMAS
2025-08-05,1944797.0,EMAS
2025-08-06,1935372.0,EMAS
2025-08-07,1935372.0,EMAS
2025-08-08,1938174.0,EMAS
2025-08-09,1945976.0,EMAS
2025-08-10,1945976.0,EMAS
2025-08-11,1926034.0,EMAS
2025-08-12,1921067.0,EMAS
2025-08-13,1914984.0,EMAS
2025-08-14,1923738.0,EMAS
2025-08-15,1924210.0,EMAS
2025-08-16,1933661.0,EMAS
2025-08-17,1933661.0,EMAS
2025-08-18,1925042.0,EMAS
2025-08-19,1923030.0,EMAS
2025-08-20,1922025.0,EMAS
2025-08-21,1941134.0,EMAS
2025-08-22,1941134.0,EMAS
2025-08-23,1950664.0,EMAS
2025-08-24,1950664.0,EMAS
2025-08-25,1951192.0,EMAS
2025-08-26,1954210.0,EMAS
2025-08-27,1962256.0,EMAS
2025-08-28,1967284.0,EMAS
2025-08-29,1961490.0,EMAS
2025-08-30,1971147.0,EMAS
2025-08-31,1971147.0,EMAS
2025-09-01,1987934.0,EMAS
2025-09-02,2006814.0,EMAS
2025-09-03,2042717.0,EMAS
2025-09-04,2045725.0,EMAS
2025-09-05,2045725.0,EMAS
2025-09-06,2055798.0,EMAS
2025-09-07,2055798.0,EMAS
2025-09-08,2055753.0,EMAS
2025-09-09,2086841.0,EMAS
2025-09-10,2085838.0,EMAS
2025-09-11,2087843.0,EMAS
2025-09-12,2086841.0,EMAS
2025-09-13,2097116.0,EMAS
2025-09-14,2097116.0,EMAS
2025-09-15,2092672.0,EMAS
2025-09-16,2110713.0,EMAS
2025-09-17,2123742.0,EMAS
2025-09-18,2111957.0,EMAS
2025-09-19,2120735.0,EMAS
2025-09-20,2131156.0,EMAS
2025-09-21,2131156.0,EMAS
2025-09-22,2163957.0,EMAS
2025-09-23,2216950.0,EMAS
2025-09-24,2243008.0,EMAS
2025-09-25,2267062.0,EMAS
2025-09-26,2286104.0,EMAS
2025-09-27,2297338.0,EMAS
2025-09-28,2297338.0,EMAS
2025-09-29,2357987.0,EMAS
2025-09-30,2475551.0,EMAS
2025-10-01,2679035.0,EMAS
2025-10-02,2584654.0,EMAS
2025-10-03,2496074.0,EMAS
2025-10-04,2508339.0,EMAS
2025-10-05,2508339.0,EMAS
2025-10-06,2552199.0,EMAS
2025-10-07,2631876.0,EMAS
2025-10-08,2786810.0,EMAS
2025-10-09,2847973.0,EMAS
2025-10-10,2852950.0,EMAS
2025-10-11,2880176.0,EMAS
2025-10-12,2893244.0,EMAS
2025-10-13,3081727.0,EMAS
2025-10-14,3222419.0,EMAS
2025-10-15,3225225.0,EMAS
2025-10-16,3293939.0,EMAS
2025-10-17,3376310.0,EMAS
2025-10-18,3382589.0,EMAS
2025-10-19,3305990.0,EMAS
2025-10-20,3114376.0,EMAS
2025-10-21,2997913.0,EMAS
2025-10-22,3000851.0,EMAS
2025-10-23,2960088.0,EMAS
2025-10-24,2969407.0,EMAS
2025-10-25,2981069.0,EMAS
2025-10-26,2981069.0,EMAS
2025-10-27,2797549.0,EMAS
2025-10-28,2539094.0,EMAS
2025-10-29,2613860.0,EMAS
2025-10-30,2636716.0,EMAS
2025-10-31,2682268.0,EMAS
2025-11-01,2693596.0,EMAS
2025-11-02,2693596.0,EMAS
2025-11-03,2664316.0,EMAS
2025-11-04,2647891.0,EMAS
2025-11-05,2595438.0,EMAS
2025-11-06,2548315.0,EMAS
2025-11-07,2526674.0,EMAS
2025-11-08,2537061.0,EMAS
2025-11-09,2537061.0,EMAS
2025-11-10,2570127.0,EMAS
2025-11-11,2577580.0,EMAS
2025-11-12,2580157.0,EMAS
2025-11-13,2601223.0,EMAS
2025-11-14,2494421.0,EMAS
2025-11-15,2494421.0,EMAS
2025-11-16,2494421.0,EMAS
2025-11-17,2498242.0,EMAS
2025-11-18,2459270.0,EMAS
2025-11-19,2491118.0,EMAS
2025-11-20,2486830.0,EMAS
2025-11-21,2466158.0,EMAS
2025-11-22,2466158.0,EMAS
2025-11-23,2466158.0,EMAS
2025-11-24,2474307.0,EMAS
2025-11-25,2504588.0,EMAS
2025-11-26,2511324.0,EMAS
2025-11-27,2496650.0,EMAS
2025-11-28,2524046.0,EMAS
2025-11-29,2536449.0,EMAS
2025-11-30,2536449.0,EMAS
2025-12-01,2547205.0,EMAS
2025-12-02,2536236.0,EMAS
2025-12-03,2523617.0,EMAS
2025-12-04,2517607.0,EMAS
2025-12-05,2522652.0,EMAS
2025-12-06,2532559.0,EMAS
2025-12-07,2532559.0,EMAS
2025-12-08,2518244.0,EMAS
2025-12-09,2503272.0,EMAS
2025-12-10,2511464.0,EMAS
2025-12-11,2518304.0,EMAS
2025-12-12,2572808.0,EMAS
2025-12-13,2583673.0,EMAS
2025-12-14,2583673.0,EMAS
2025-12-15,2567552.0,EMAS
2025-12-16,2553000.0,EMAS
2025-12-17,2569186.0,EMAS
2025-12-18,2580993.0,EMAS
2025-12-19,2577326.0,EMAS
2025-12-20,2589991.0,EMAS
2025-12-21,2589991.0,EMAS
2025-12-22,2639269.0,EMAS
2025-12-23,2647899.0,EMAS
2025-12-24,2717504.0,EMAS
2025-12-25,2741695.0,EMAS
2025-12-26,2705027.0,EMAS
2025-12-27,2718190.0,EMAS
2025-12-28,2718190.0,EMAS
2025-12-29,2620379.0,EMAS
2025-12-30,2625718.0,EMAS
2025-12-31,2655716.0,EMAS
2026-01-01,2640052.0,EMAS
2026-01-02,2628517.0,EMAS
2026-01-03,2641308.0,EMAS
2026-01-04,2641308.0,EMAS
2026-01-05,2660404.0,EMAS
2026-01-06,2693436.0,EMAS
2026-01-07,2676144.0,EMAS
2026-01-08,2660076.0,EMAS
2026-01-09,2679550.0,EMAS
2026-01-10,2692589.0,EMAS
2026-01-11,2692589.0,EMAS
2026-01-12,2737308.0,EMAS
2026-01-13,2742170.0,EMAS
2026-01-14,2763155.0,EMAS
2026-01-15,2749778.0,EMAS
2026-01-16,2751116.0,EMAS
2026-01-17,2762890.0,EMAS
2026-01-18,2762890.0,EMAS
2026-01-19,2794210.0,EMAS
2026-01-20,2810426.0,EMAS
2026-01-21,2864410.0,EMAS
2026-01-22,2882274.0,EMAS
2026-01-23,2903393.0,EMAS
2026-01-24,2914355.0,EMAS
2026-01-25,2915852.0,EMAS
2026-01-26,2953884.0,EMAS
2026-01-27,2950729.0,EMAS
2026-01-28,3062661.0,EMAS
2026-01-29,3179207.0,EMAS
2026-01-30,3060427.0,EMAS
2026-01-31,2990670.0,EMAS
2026-02-01,3032272.0,EMAS
2026-02-02,2810773.0,EMAS
2026-02-03,3021336.0,EMAS
2026-02-04,3079994.0,EMAS
2026-02-05,3019585.0,EMAS
2026-02-06,2910749.0,EMAS
2026-02-07,2916558.0,EMAS
2026-02-08,2911217.0,EMAS
2026-02-09,2967398.0,EMAS
2026-02-10,2946192.0,EMAS
2026-02-11,2948519.0,EMAS
2026-02-12,2916537.0,EMAS
2026-02-13,2919815.0,EMAS
2026-02-14,2921678.0,EMAS
2026-02-15,2918829.0,EMAS
2026-02-16,2896541.0,EMAS
2026-02-17,2874995.0,EMAS
2026-02-18,2893536.0,EMAS
2026-02-19,2897884.0,EMAS
2026-02-20,2916298.0,EMAS
2026-02-21,2923844.0,EMAS
2026-02-22,2920975.0,EMAS
2026-02-23,2981266.0,EMAS
2026-02-24,2963198.0,EMAS
2026-02-25,2968342.0,EMAS
2026-02-26,2948201.0,EMAS
2026-02-27,2952351.0,EMAS
2026-02-28,3033011.0,EMAS
2026-03-01,3044511.0,EMAS
2026-03-02,3109792.0,EMAS
2026-03-03,2991254.0,EMAS
2026-03-04,2942150.0,EMAS
2026-03-05,2881921.0,EMAS
2026-03-06,2887794.0,EMAS
2026-03-07,2897832.0,EMAS
2026-03-08,2894949.0,EMAS
2026-03-09,2855534.0,EMAS
2026-03-10,2893056.0,EMAS
2026-03-11,2874795.0,EMAS
2026-03-12,2850939.0,EMAS
2026-03-13,2820621.0,EMAS
2026-03-14,2824644.0,EMAS
2026-03-15,2835390.0,EMAS
2026-03-16,2789596.0,EMAS
2026-03-17,2794649.0,EMAS
2026-03-18,2760717.0,EMAS
2026-03-19,2690860.0,EMAS
2026-03-20,2650342.0,EMAS
2026-03-21,2629330.0,EMAS
2026-03-22,2651233.0,EMAS
2026-03-23,2574254.0,EMAS
2026-03-24,2581744.0,EMAS
2026-03-25,2627695.0,EMAS
2026-03-26,2579625.0,EMAS
2026-03-27,2610569.0,EMAS
2026-03-28,2608758.0,EMAS
2026-03-29,2609816.0,EMAS
2026-03-30,2601259.0,EMAS
2026-03-31,2645966.0,EMAS
2026-04-01,2713718.0,EMAS
2026-04-02,2689398.0,EMAS
2026-04-03,2681734.0,EMAS
2026-04-04,2681734.0,EMAS
2026-04-05,2681734.0,EMAS
2026-04-06,2680255.0,EMAS
2026-04-07,2687868.0,EMAS
2026-04-08,2748744.0,EMAS
2026-04-09,2741808.0,EMAS
2026-04-10,2748888.0,EMAS
2026-04-11,2756556.0,EMAS
2026-04-12,2761159.0,EMAS
2026-04-13,2727362.0,EMAS
2026-04-14,2767672.0,EMAS
2026-04-15,2768979.0,EMAS
2026-04-16,2737999.0,EMAS
2026-04-17,2759080.0,EMAS
2026-04-18,2766799.0,EMAS
2026-04-19,2718604.0,EMAS
2026-04-20,2686467.0,EMAS
2026-04-21,2696618.0,EMAS
2026-04-22,2683074.0,EMAS
2026-04-23,2664665.0,EMAS
2026-04-24,2670924.0,EMAS
2026-04-25,2670850.0,EMAS
2026-04-26,2670497.0,EMAS
2026-04-27,2620928.0,EMAS
2026-04-28,2584548.0,EMAS
2026-04-29,2620165.0,EMAS
2026-04-30,2622165.0,EMAS
2026-05-01,2652151.0,EMAS
2026-05-02,2644818.0,EMAS
2026-05-03,2644757.0,EMAS
2026-05-04,2597311.0,EMAS
2026-05-05,2581381.0,EMAS
2026-05-06,2660246.0,EMAS
2026-05-07,2679089.0,EMAS
2026-05-08,2683496.0,EMAS
2026-05-09,2695408.0,EMAS
2026-05-10,2695349.0,EMAS
2026-05-11,2676304.0,EMAS
2026-05-12,2677857.0,EMAS
2026-05-13,2660832.0,EMAS
2026-05-14,2666020.0,EMAS
2026-05-15,2611459.0,EMAS
2026-05-16,2620551.0,EMAS
2026-05-17,2620524.0,EMAS
2026-05-18,2611666.0,EMAS
2026-05-19,2609552.0,EMAS
2026-05-20,2579911.0,EMAS
2026-05-21,2615108.0,EMAS
2026-05-22,2618714.0,EMAS
2026-05-23,2627223.0,EMAS
2026-05-24,2627206.0,EMAS
2026-05-25,2644060.0,EMAS
2026-05-26,2621504.0,EMAS
2026-05-27,2614043.0,EMAS
2026-05-28,2603111.0,EMAS
2026-05-29,2637408.0,EMAS
2026-05-30,2641209.0,EMAS
2026-05-31,2640851.0,EMAS
